"CASRN","chemical_name "
"71751-41-2","Abamectin"
"30560-19-1","Acephate"
"75-07-0","Acetaldehyde"
"60-35-5","Acetamide"
"75-05-8","Acetonitrile"
"98-86-2","Acetophenone"
"53-96-3","2-Acetylaminofluorene"
"62476-59-9","Acifluorfen, sodium salt "
"107-02-8","Acrolein"
"79-06-1","Acrylamide"
"79-10-7","Acrylic acid"
"107-13-1","Acrylonitrile"
"15972-60-8","Alachlor"
"116-06-3","Aldicarb"
"309-00-2","Aldrin"
"28434-00-6","d-trans-Allethrin d-trans-Allethrin "
"107-18-6","Allyl alcohol"
"107-11-9","Allylamine"
"107-05-1","Allyl chloride"
"7429-90-5","Aluminum (fume or dust)"
"1344-28-1","Aluminum oxide (fibrous forms) (Alumina)"
"20859-73-8","Aluminum phosphide"
"834-12-8","Ametryn"
"117-79-3","2-Aminoanthraquinone"
"60-09-3","4-Aminoazobenzene"
"92-67-1","4-Aminobiphenyl"
"81-49-2","1-Amino-2,4-dibromoanthraquinone "
"82-28-0","1-Amino-2-methylanthraquinone"
"33089-61-1","Amitraz"
"61-82-5","Amitrole"
"7664-41-7","Ammonia (includes anhydrous ammonia and aqueous ammonia from water dissociable ammonium salts and other sources; 10 percent of total aqueous ammonia is reportable under this listing)"
"101-05-3","Anilazine"
"62-53-3","Aniline"
"90-04-0","o-Anisidine"
"104-94-9","p-Anisidine"
"134-29-2","o-Anisidine hydrochloride"
"120-12-7","Anthracene"
"7440-36-0","Antimony"
"7440-38-2","Arsenic"
"1332-21-4","Asbestos (friable)"
"1912-24-9","Atrazine"
"7440-39-3","Barium"
"22781-23-3","Bendiocarb"
"1861-40-1","Benfluralin"
"17804-35-2","Benomyl"
"98-87-3","Benzal chloride"
"55-21-0","Benzamide"
"71-43-2","Benzene"
"92-87-5","Benzidine"
"191-24-2","Benzo[g,h,i]perylene"
"98-07-7","Benzoic trichloride (Benzotrichloride)"
"98-88-4","Benzoyl chloride"
"94-36-0","Benzoyl peroxide"
"100-44-7","Benzyl chloride"
"7440-41-7","Beryllium"
"82657-04-3","Bifenthrin"
"92-52-4","Biphenyl"
"3296-90-0","2,2-Bis(bromomethyl)-1,3-propanediol "
"111-91-1","Bis(2-chloroethoxy)methane"
"111-44-4","Bis(2-chloroethyl) ether"
"542-88-1","Bis(chloromethyl) ether"
"108-60-1","Bis(2-chloro-1-methylethyl) ether"
"56-35-9","Bis(tributyltin) oxide"
"10294-34-5","Boron trichloride"
"7637-07-2","Boron trifluoride"
"314-40-9","Bromacil"
"53404-19-6","Bromacil, lithium salt"
"7726-95-6","Bromine"
"35691-65-7","1-Bromo-1-(bromomethyl)-1,3-propanedicarbonitrile"
"353-59-3","Bromochlorodifluoromethane (Halon 1211)"
"75-25-2","Bromoform (Tribromomethane)"
"74-83-9","Bromomethane (Methyl bromide)"
"106-94-5","1-Bromopropane"
"75-63-8","Bromotrifluoromethane (Halon 1301)"
"1689-84-5","Bromoxynil"
"1689-99-2","Bromoxynil octanoate"
"357-57-3","Brucine"
"106-99-0","1,3-Butadiene"
"141-32-2","Butyl acrylate"
"71-36-3","n-Butyl alcohol (1-Butanol)"
"78-92-2","sec-Butyl alcohol (2-Butanol)"
"75-65-0","tert-Butyl alcohol (tert-Butanol)"
"106-88-7","1,2-Butylene oxide"
"123-72-8","Butyraldehyde"
"4680-78-8","C.I. Acid Green 3"
"6459-94-5","C.I. Acid Red 114"
"569-64-2","C.I. Basic Green 4 (Malachite green)"
"989-38-8","C.I. Basic Red 1"
"1937-37-7","C.I. Direct Black 38"
"2602-46-2","C.I. Direct Blue 6"
"28407-37-6","C.I. Direct Blue 218"
"16071-86-6","C.I. Direct Brown 95"
"2832-40-8","C.I. Disperse Yellow 3"
"3761-53-3","C.I. Food Red 5"
"81-88-9","C.I. Food Red 15 (Rhodamine B)"
"3118-97-6","C.I. Solvent Orange 7"
"97-56-3","C.I. Solvent Yellow 3"
"842-07-9","C.I. Solvent Yellow 14"
"492-80-8","C.I. Solvent Yellow 34 (Auramine)"
"128-66-5","C.I. Vat Yellow 4"
"7440-43-9","Cadmium"
"156-62-7","Calcium cyanamide"
"133-06-2","Captan"
"63-25-2","Carbaryl"
"1563-66-2","Carbofuran"
"75-15-0","Carbon disulfide"
"56-23-5","Carbon tetrachloride"
"463-58-1","Carbonyl sulfide"
"5234-68-4","Carboxin"
"120-80-9","Catechol"
"2439-01-2","Chinomethionate"
"133-90-4","Chloramben"
"57-74-9","Chlordane"
"115-28-6","Chlorendic acid"
"90982-32-4","Chlorimuron-ethyl"
"7782-50-5","Chlorine"
"10049-04-4","Chlorine dioxide"
"79-11-8","Chloroacetic acid"
"532-27-4","2-Chloroacetophenone"
"4080-31-3","1-(3-Chloroallyl)-3,5,7-triaza-1-azoniaadamantane chloride"
"106-47-8","p-Chloroanilinep-Chloroanilinep-Chloroanilinep-Chloroanilinep-Chloroanilinep-Chloroanilinep-Chloroanilinep-Chloroanilinep-Chloroanilinep-Chloroanilinep-Chloroanilinep-Chloroanilinep-Chloroanilinep-Chloroanilinep-Chloroanilinep-Chloroanilinep-Chloroanilinep-Chloroanilinep-Chloroanilinep-Chloroanilinep-Chloroanilinep-Chloroanilinep-Chloroanilinep-Chloroanilinep-Chloroanilinep-Chloroanilinep-Chloroanilinep-Chloroanilinep-Chloroanilinep-Chloroaniline"
"108-90-7","Chlorobenzene"
"510-15-6","Chlorobenzilate"
"75-68-3","1-Chloro-1,1-difluoroethane (HCFC-142b)"
"75-45-6","Chlorodifluoromethane (HCFC-22)"
"75-00-3","Chloroethane"
"67-66-3","Chloroform"
"74-87-3","Chloromethane"
"107-30-2","Chloromethyl methyl ether"
"563-47-3","3-Chloro-2-methyl-1-propene"
"104-12-1","p-Chlorophenyl isocyanatep-Chlorophenyl isocyanatep-Chlorophenyl isocyanatep-Chlorophenyl isocyanatep-Chlorophenyl isocyanatep-Chlorophenyl isocyanatep-Chlorophenyl isocyanatep-Chlorophenyl isocyanatep-Chlorophenyl isocyanatep-Chlorophenyl isocyanatep-Chlorophenyl isocyanatep-Chlorophenyl isocyanatep-Chlorophenyl isocyanatep-Chlorophenyl isocyanatep-Chlorophenyl isocyanatep-Chlorophenyl isocyanatep-Chlorophenyl isocyanatep-Chlorophenyl isocyanatep-Chlorophenyl isocyanatep-Chlorophenyl isocyanatep-Chlorophenyl isocyanatep-Chlorophenyl isocyanatep-Chlorophenyl isocyanatep-Chlorophenyl isocyanatep-Chlorophenyl isocyanatep-Chlorophenyl isocyanatep-Chlorophenyl isocyanatep-Chlorophenyl isocyanatep-Chlorophenyl isocyanate"
"76-06-2","Chloropicrin"
"126-99-8","Chloroprene"
"542-76-7","3-Chloropropionitrile"
"63938-10-3","Chlorotetrafluoroethane"
"354-25-6","1-Chloro-1,1,2,2-tetrafluoroethane (HCFC-124a)"
"2837-89-0","2-Chloro-1,1,1,2-tetrafluoroethane (HCFC-124)"
"1897-45-6","Chlorothalonil"
"95-69-2","p-Chloro-o-toluidine (4-Chloro-2-methylaniline)p-Chloro-o-toluidine (4-Chloro-2-methylaniline)p-Chloro-o-toluidine (4-Chloro-2-methylaniline)p-Chloro-o-toluidine (4-Chloro-2-methylaniline)p-Chloro-o-toluidine (4-Chloro-2-methylaniline)p-Chloro-o-toluidine (4-Chloro-2-methylaniline)p-Chloro-o-toluidine (4-Chloro-2-methylaniline)p-Chloro-o-toluidine (4-Chloro-2-methylaniline)p-Chloro-o-toluidine (4-Chloro-2-methylaniline)p-Chloro-o-toluidine (4-Chloro-2-methylaniline)p-Chloro-o-toluidine (4-Chloro-2-methylaniline)p-Chloro-o-toluidine (4-Chloro-2-methylaniline)p-Chloro-o-toluidine (4-Chloro-2-methylaniline)p-Chloro-o-toluidine (4-Chloro-2-methylaniline)p-Chloro-o-toluidine (4-Chloro-2-methylaniline)p-Chloro-o-toluidine (4-Chloro-2-methylaniline)p-Chloro-o-toluidine (4-Chloro-2-methylaniline)p-Chloro-o-toluidine (4-Chloro-2-methylaniline)p-Chloro-o-toluidine (4-Chloro-2-methylaniline)p-Chloro-o-toluidine (4-Chloro-2-methylaniline)p-Chloro-o-toluidine (4-Chloro-2-methylaniline)p-Chloro-o-toluidine (4-Chloro-2-methylaniline)p-Chloro-o-toluidine (4-Chloro-2-methylaniline)p-Chloro-o-toluidine (4-Chloro-2-methylaniline)p-Chloro-o-toluidine (4-Chloro-2-methylaniline)p-Chloro-o-toluidine (4-Chloro-2-methylaniline)p-Chloro-o-toluidine (4-Chloro-2-methylaniline)p-Chloro-o-toluidine (4-Chloro-2-methylaniline)p-Chloro-o-toluidine (4-Chloro-2-methylaniline)"
"75-88-7","2-Chloro-1,1,1-trifluoroethane (HCFC-133a)"
"75-72-9","Chlorotrifluoromethane (CFC-13)"
"460-35-5","3-Chloro-1,1,1-trifluoropropane (HCFC-253fb)"
"5598-13-0","Chlorpyrifos-methyl"
"64902-72-3","Chlorsulfuron "
"7440-47-3","Chromium"
"7440-48-4","Cobalt"
"7440-50-8","Copper"
"8001-58-9","Creosote"
"120-71-8","p-Cresidinep-Cresidinep-Cresidinep-Cresidinep-Cresidinep-Cresidinep-Cresidinep-Cresidinep-Cresidinep-Cresidinep-Cresidinep-Cresidinep-Cresidinep-Cresidinep-Cresidinep-Cresidinep-Cresidinep-Cresidinep-Cresidinep-Cresidinep-Cresidinep-Cresidinep-Cresidinep-Cresidinep-Cresidinep-Cresidinep-Cresidinep-Cresidine"
"1319-77-3","Cresol (mixed isomers)"
"108-39-4","m-Cresolm-Cresolm-Cresolm-Cresolm-Cresolm-Cresolm-Cresolm-Cresolm-Cresolm-Cresolm-Cresolm-Cresolm-Cresolm-Cresolm-Cresolm-Cresolm-Cresolm-Cresolm-Cresolm-Cresolm-Cresolm-Cresolm-Cresolm-Cresolm-Cresolm-Cresolm-Cresolm-Cresol"
"95-48-7","o-Cresolo-Cresolo-Cresolo-Cresolo-Cresolo-Cresolo-Cresolo-Cresolo-Cresolo-Cresolo-Cresolo-Cresolo-Cresolo-Cresolo-Cresolo-Cresolo-Cresolo-Cresolo-Cresolo-Cresolo-Cresolo-Cresolo-Cresolo-Cresolo-Cresolo-Cresolo-Cresolo-Cresol"
"106-44-5","p-Cresolp-Cresolp-Cresolp-Cresolp-Cresolp-Cresolp-Cresolp-Cresolp-Cresolp-Cresolp-Cresolp-Cresolp-Cresolp-Cresolp-Cresolp-Cresolp-Cresolp-Cresolp-Cresolp-Cresolp-Cresolp-Cresolp-Cresolp-Cresolp-Cresolp-Cresolp-Cresolp-Cresol"
"4170-30-3","Crotonaldehyde"
"98-82-8","Cumene"
"80-15-9","Cumene hydroperoxide"
"135-20-6","Cupferron"
"21725-46-2","Cyanazine"
"1134-23-2","Cycloate"
"110-82-7","Cyclohexane"
"108-93-0","Cyclohexanol"
"68359-37-5","Cyfluthrin"
"68085-85-8","Cyhalothrin "
"94-75-7","2,4-D"
"533-74-4","Dazomet "
"53404-60-7","Dazomet, sodium salt "
"94-82-6","2,4-DB"
"1929-73-3","2,4-D 2-butoxyethyl ester"
"94-80-4","2,4-D butyl ester"
"2971-38-2","2,4-D chlorocrotyl ester"
"1163-19-5","Decabromodiphenyl oxide"
"13684-56-5","Desmedipham"
"1928-43-4","2,4-D 2-ethylhexyl ester"
"53404-37-8","2,4-D 2-ethyl-4-methylpentyl ester"
"2303-16-4","Diallate"
"615-05-4","2,4-Diaminoanisole"
"39156-41-7","2,4-Diaminoanisole sulfate"
"101-80-4","4,4'-Diaminodiphenyl ether"
"25376-45-8","Diaminotoluene (mixed isomers) (Toluenediamine)"
"95-80-7","2,4-Diaminotoluene (2,4-Toluenediamine)"
"333-41-5","Diazinon"
"334-88-3","Diazomethane"
"132-64-9","Dibenzofuran"
"96-12-8","1,2-Dibromo-3-chloropropane"
"106-93-4","1,2-Dibromoethane (Ethylene dibromide)"
"124-73-2","Dibromotetrafluoroethane (1,2-Dibromo-1,1,2,2-tetrafluoroethane)"
"84-74-2","Dibutyl phthalate"
"1918-00-9","Dicamba"
"99-30-9","Dichloran"
"25321-22-6","Dichlorobenzene (mixed isomers)"
"95-50-1","1,2-Dichlorobenzene (o-Dichlorobenzene)1,2-Dichlorobenzene (o-Dichlorobenzene)1,2-Dichlorobenzene (o-Dichlorobenzene)1,2-Dichlorobenzene (o-Dichlorobenzene)1,2-Dichlorobenzene (o-Dichlorobenzene)1,2-Dichlorobenzene (o-Dichlorobenzene)1,2-Dichlorobenzene (o-Dichlorobenzene)1,2-Dichlorobenzene (o-Dichlorobenzene)1,2-Dichlorobenzene (o-Dichlorobenzene)1,2-Dichlorobenzene (o-Dichlorobenzene)1,2-Dichlorobenzene (o-Dichlorobenzene)1,2-Dichlorobenzene (o-Dichlorobenzene)1,2-Dichlorobenzene (o-Dichlorobenzene)1,2-Dichlorobenzene (o-Dichlorobenzene)1,2-Dichlorobenzene (o-Dichlorobenzene)1,2-Dichlorobenzene (o-Dichlorobenzene)1,2-Dichlorobenzene (o-Dichlorobenzene)1,2-Dichlorobenzene (o-Dichlorobenzene)1,2-Dichlorobenzene (o-Dichlorobenzene)1,2-Dichlorobenzene (o-Dichlorobenzene)1,2-Dichlorobenzene (o-Dichlorobenzene)1,2-Dichlorobenzene (o-Dichlorobenzene)1,2-Dichlorobenzene (o-Dichlorobenzene)1,2-Dichlorobenzene (o-Dichlorobenzene)1,2-Dichlorobenzene (o-Dichlorobenzene)1,2-Dichlorobenzene (o-Dichlorobenzene)"
"541-73-1","1,3-Dichlorobenzene (m-Dichlorobenzene)1,3-Dichlorobenzene (m-Dichlorobenzene)1,3-Dichlorobenzene (m-Dichlorobenzene)1,3-Dichlorobenzene (m-Dichlorobenzene)1,3-Dichlorobenzene (m-Dichlorobenzene)1,3-Dichlorobenzene (m-Dichlorobenzene)1,3-Dichlorobenzene (m-Dichlorobenzene)1,3-Dichlorobenzene (m-Dichlorobenzene)1,3-Dichlorobenzene (m-Dichlorobenzene)1,3-Dichlorobenzene (m-Dichlorobenzene)1,3-Dichlorobenzene (m-Dichlorobenzene)1,3-Dichlorobenzene (m-Dichlorobenzene)1,3-Dichlorobenzene (m-Dichlorobenzene)1,3-Dichlorobenzene (m-Dichlorobenzene)1,3-Dichlorobenzene (m-Dichlorobenzene)1,3-Dichlorobenzene (m-Dichlorobenzene)1,3-Dichlorobenzene (m-Dichlorobenzene)1,3-Dichlorobenzene (m-Dichlorobenzene)1,3-Dichlorobenzene (m-Dichlorobenzene)1,3-Dichlorobenzene (m-Dichlorobenzene)1,3-Dichlorobenzene (m-Dichlorobenzene)1,3-Dichlorobenzene (m-Dichlorobenzene)1,3-Dichlorobenzene (m-Dichlorobenzene)1,3-Dichlorobenzene (m-Dichlorobenzene)1,3-Dichlorobenzene (m-Dichlorobenzene)"
"106-46-7","1,4-Dichlorobenzene (p-Dichlorobenzene)1,4-Dichlorobenzene (p-Dichlorobenzene)1,4-Dichlorobenzene (p-Dichlorobenzene)1,4-Dichlorobenzene (p-Dichlorobenzene)1,4-Dichlorobenzene (p-Dichlorobenzene)1,4-Dichlorobenzene (p-Dichlorobenzene)1,4-Dichlorobenzene (p-Dichlorobenzene)1,4-Dichlorobenzene (p-Dichlorobenzene)1,4-Dichlorobenzene (p-Dichlorobenzene)1,4-Dichlorobenzene (p-Dichlorobenzene)1,4-Dichlorobenzene (p-Dichlorobenzene)1,4-Dichlorobenzene (p-Dichlorobenzene)1,4-Dichlorobenzene (p-Dichlorobenzene)1,4-Dichlorobenzene (p-Dichlorobenzene)1,4-Dichlorobenzene (p-Dichlorobenzene)1,4-Dichlorobenzene (p-Dichlorobenzene)1,4-Dichlorobenzene (p-Dichlorobenzene)1,4-Dichlorobenzene (p-Dichlorobenzene)1,4-Dichlorobenzene (p-Dichlorobenzene)1,4-Dichlorobenzene (p-Dichlorobenzene)1,4-Dichlorobenzene (p-Dichlorobenzene)1,4-Dichlorobenzene (p-Dichlorobenzene)1,4-Dichlorobenzene (p-Dichlorobenzene)1,4-Dichlorobenzene (p-Dichlorobenzene)1,4-Dichlorobenzene (p-Dichlorobenzene)"
"91-94-1","3,3'-Dichlorobenzidine"
"612-83-9","3,3'-Dichlorobenzidine dihydrochloride"
"64969-34-2","3,3'-Dichlorobenzidine sulfate"
"75-27-4","Dichlorobromomethane"
"764-41-0","1,4-Dichloro-2-butene"
"110-57-6","trans-1,4-Dichloro-2-butenetrans-1,4-Dichloro-2-butenetrans-1,4-Dichloro-2-butenetrans-1,4-Dichloro-2-butenetrans-1,4-Dichloro-2-butenetrans-1,4-Dichloro-2-butenetrans-1,4-Dichloro-2-butenetrans-1,4-Dichloro-2-butenetrans-1,4-Dichloro-2-butenetrans-1,4-Dichloro-2-butenetrans-1,4-Dichloro-2-butenetrans-1,4-Dichloro-2-butenetrans-1,4-Dichloro-2-butenetrans-1,4-Dichloro-2-butenetrans-1,4-Dichloro-2-butenetrans-1,4-Dichloro-2-butenetrans-1,4-Dichloro-2-butenetrans-1,4-Dichloro-2-butenetrans-1,4-Dichloro-2-butenetrans-1,4-Dichloro-2-butenetrans-1,4-Dichloro-2-butenetrans-1,4-Dichloro-2-butenetrans-1,4-Dichloro-2-butenetrans-1,4-Dichloro-2-butenetrans-1,4-Dichloro-2-butene"
"1649-08-7","1,2-Dichloro-1,1-difluoroethane (HCFC-132b)"
"75-71-8","Dichlorodifluoromethane (CFC-12)"
"107-06-2","1,2-Dichloroethane"
"540-59-0","1,2-Dichloroethylene"
"1717-00-6","1,1-Dichloro-1-fluoroethane (HCFC-141b)"
"75-43-4","Dichlorofluoromethane (HCFC-21)"
"75-09-2","Dichloromethane (Methylene chloride)"
"127564-92-5","Dichloropentafluoropropane"
"13474-88-9","1,1-Dichloro-1,2,2,3,3-pentafluoropropane (HCFC-225cc)"
"111512-56-2","1,1-Dichloro-1,2,3,3,3-pentafluoropropane (HCFC-225eb)"
"422-44-6","1,2-Dichloro-1,1,2,3,3-pentafluoropropane (HCFC-225bb)"
"431-86-7","1,2-Dichloro-1,1,3,3,3-pentafluoropropane (HCFC-225da)"
"507-55-1","1,3-Dichloro-1,1,2,2,3-pentafluoropropane (HCFC-225cb)"
"136013-79-1","1,3-Dichloro-1,1,2,3,3-pentafluoropropane (HCFC-225ea)"
"128903-21-9","2,2-Dichloro-1,1,1,3,3-pentafluoropropane (HCFC-225aa)"
"422-48-0","2,3-dichloro-1,1,1,2,3-pentafluoropropane (HCFC-225ba)"
"422-56-0","3,3-Dichloro-1,1,1,2,2-pentafluoropropane (HCFC-225ca)"
"97-23-4","Dichlorophene "
"120-83-2","2,4-Dichlorophenol"
"78-87-5","1,2-Dichloropropane"
"78-88-6","2,3-Dichloropropene"
"10061-02-6","trans-1,3-Dichloropropenetrans-1,3-Dichloropropenetrans-1,3-Dichloropropenetrans-1,3-Dichloropropenetrans-1,3-Dichloropropenetrans-1,3-Dichloropropenetrans-1,3-Dichloropropenetrans-1,3-Dichloropropenetrans-1,3-Dichloropropenetrans-1,3-Dichloropropenetrans-1,3-Dichloropropenetrans-1,3-Dichloropropenetrans-1,3-Dichloropropenetrans-1,3-Dichloropropenetrans-1,3-Dichloropropenetrans-1,3-Dichloropropenetrans-1,3-Dichloropropenetrans-1,3-Dichloropropenetrans-1,3-Dichloropropenetrans-1,3-Dichloropropenetrans-1,3-Dichloropropenetrans-1,3-Dichloropropenetrans-1,3-Dichloropropenetrans-1,3-Dichloropropene"
"542-75-6","1,3-Dichloropropylene (1,3-Dichloropropene)"
"76-14-2","Dichlorotetrafluoroethane (CFC-114)"
"34077-87-7","Dichlorotrifluoroethane"
"90454-18-5","Dichloro-1,1,2-trifluoroethane"
"812-04-4","1,1-Dichloro-1,2,2-trifluoroethane (HCFC-123b)"
"354-23-4","1,2-Dichloro-1,1,2-trifluoroethane (HCFC-123a)"
"306-83-2","2,2-Dichloro-1,1,1-trifluoroethane (HCFC-123)"
"62-73-7","Dichlorvos"
"51338-27-3","Diclofop methyl"
"115-32-2","Dicofol"
"77-73-6","Dicyclopentadiene"
"1464-53-5","Diepoxybutane"
"111-42-2","Diethanolamine"
"38727-55-8","Diethatyl ethyl"
"117-81-7","Di(2-ethylhexyl) phthalate"
"64-67-5","Diethyl sulfate"
"35367-38-5","Diflubenzuron"
"101-90-6","Diglycidyl resorcinol ether"
"94-58-6","Dihydrosafrole"
"55290-64-7","Dimethipin "
"60-51-5","Dimethoate"
"119-90-4","3,3'-Dimethoxybenzidine"
"20325-40-0","3,3'-Dimethoxybenzidine dihydrochloride "
"111984-09-9","3,3'-Dimethoxybenzidine monohydrochloride"
"124-40-3","Dimethylamine"
"2300-66-5","Dimethylamine dicamba"
"60-11-7","4-Dimethylaminoazobenzene"
"121-69-7","N,N-DimethylanilineN,N-DimethylanilineN,N-DimethylanilineN,N-DimethylanilineN,N-DimethylanilineN,N-DimethylanilineN,N-DimethylanilineN,N-DimethylanilineN,N-DimethylanilineN,N-DimethylanilineN,N-DimethylanilineN,N-DimethylanilineN,N-DimethylanilineN,N-DimethylanilineN,N-DimethylanilineN,N-DimethylanilineN,N-DimethylanilineN,N-DimethylanilineN,N-DimethylanilineN,N-DimethylanilineN,N-DimethylanilineN,N-Dimethylaniline"
"119-93-7","3,3'-Dimethylbenzidine"
"612-82-8","3,3'-Dimethylbenzidine dihydrochloride"
"41766-75-0","3,3'-Dimethylbenzidine dihydrofluoride"
"79-44-7","Dimethylcarbamoyl chloride"
"2524-03-0","Dimethyl chlorothiophosphate"
"68-12-2","N,N-DimethylformamideN,N-DimethylformamideN,N-DimethylformamideN,N-DimethylformamideN,N-DimethylformamideN,N-DimethylformamideN,N-DimethylformamideN,N-DimethylformamideN,N-DimethylformamideN,N-DimethylformamideN,N-DimethylformamideN,N-DimethylformamideN,N-DimethylformamideN,N-DimethylformamideN,N-DimethylformamideN,N-DimethylformamideN,N-DimethylformamideN,N-DimethylformamideN,N-DimethylformamideN,N-DimethylformamideN,N-DimethylformamideN,N-Dimethylformamide"
"57-14-7","1,1-Dimethylhydrazine"
"105-67-9","2,4-Dimethylphenol"
"131-11-3","Dimethyl phthalate"
"77-78-1","Dimethyl sulfate"
"99-65-0","m-Dinitrobenzenem-Dinitrobenzenem-Dinitrobenzenem-Dinitrobenzenem-Dinitrobenzenem-Dinitrobenzenem-Dinitrobenzenem-Dinitrobenzenem-Dinitrobenzenem-Dinitrobenzenem-Dinitrobenzenem-Dinitrobenzenem-Dinitrobenzenem-Dinitrobenzenem-Dinitrobenzenem-Dinitrobenzenem-Dinitrobenzenem-Dinitrobenzenem-Dinitrobenzenem-Dinitrobenzenem-Dinitrobenzene"
"528-29-0","o-Dinitrobenzeneo-Dinitrobenzeneo-Dinitrobenzeneo-Dinitrobenzeneo-Dinitrobenzeneo-Dinitrobenzeneo-Dinitrobenzeneo-Dinitrobenzeneo-Dinitrobenzeneo-Dinitrobenzeneo-Dinitrobenzeneo-Dinitrobenzeneo-Dinitrobenzeneo-Dinitrobenzeneo-Dinitrobenzeneo-Dinitrobenzeneo-Dinitrobenzeneo-Dinitrobenzeneo-Dinitrobenzeneo-Dinitrobenzeneo-Dinitrobenzene"
"100-25-4","p-Dinitrobenzenep-Dinitrobenzenep-Dinitrobenzenep-Dinitrobenzenep-Dinitrobenzenep-Dinitrobenzenep-Dinitrobenzenep-Dinitrobenzenep-Dinitrobenzenep-Dinitrobenzenep-Dinitrobenzenep-Dinitrobenzenep-Dinitrobenzenep-Dinitrobenzenep-Dinitrobenzenep-Dinitrobenzenep-Dinitrobenzenep-Dinitrobenzenep-Dinitrobenzenep-Dinitrobenzenep-Dinitrobenzene"
"88-85-7","Dinitrobutyl phenol (Dinoseb)"
"534-52-1","4,6-Dinitro-o-cresol4,6-Dinitro-o-cresol4,6-Dinitro-o-cresol4,6-Dinitro-o-cresol4,6-Dinitro-o-cresol4,6-Dinitro-o-cresol4,6-Dinitro-o-cresol4,6-Dinitro-o-cresol4,6-Dinitro-o-cresol4,6-Dinitro-o-cresol4,6-Dinitro-o-cresol4,6-Dinitro-o-cresol4,6-Dinitro-o-cresol4,6-Dinitro-o-cresol4,6-Dinitro-o-cresol4,6-Dinitro-o-cresol4,6-Dinitro-o-cresol4,6-Dinitro-o-cresol4,6-Dinitro-o-cresol4,6-Dinitro-o-cresol4,6-Dinitro-o-cresol"
"51-28-5","2,4-Dinitrophenol"
"121-14-2","2,4-Dinitrotoluene"
"606-20-2","2,6-Dinitrotoluene"
"25321-14-6","Dinitrotoluene (mixed isomers)"
"39300-45-3","Dinocap"
"123-91-1","1,4-Dioxane"
"957-51-7","Diphenamid"
"122-39-4","Diphenylamine"
"122-66-7","1,2-Diphenylhydrazine"
"2164-07-0","Dipotassium endothall "
"136-45-8","Dipropyl isocinchomeronate"
"138-93-2","Disodium cyanodithioimidocarbonate"
"94-11-1","2,4-D isopropyl ester"
"541-53-7","2,4-Dithiobiuret (Dithiobiuret)2,4-Dithiobiuret (Dithiobiuret)2,4-Dithiobiuret (Dithiobiuret)2,4-Dithiobiuret (Dithiobiuret)2,4-Dithiobiuret (Dithiobiuret)2,4-Dithiobiuret (Dithiobiuret)2,4-Dithiobiuret (Dithiobiuret)2,4-Dithiobiuret (Dithiobiuret)2,4-Dithiobiuret (Dithiobiuret)2,4-Dithiobiuret (Dithiobiuret)2,4-Dithiobiuret (Dithiobiuret)2,4-Dithiobiuret (Dithiobiuret)2,4-Dithiobiuret (Dithiobiuret)2,4-Dithiobiuret (Dithiobiuret)2,4-Dithiobiuret (Dithiobiuret)2,4-Dithiobiuret (Dithiobiuret)2,4-Dithiobiuret (Dithiobiuret)2,4-Dithiobiuret (Dithiobiuret)2,4-Dithiobiuret (Dithiobiuret)2,4-Dithiobiuret (Dithiobiuret)"
"330-54-1","Diuron"
"2439-10-3","Dodine"
"120-36-5","2,4-DP (Dichlorprop)"
"1320-18-9","2,4-D propylene glycol butyl ether ester (2,4-D 2-butoxymethylethyl ester)"
"2702-72-9","2,4-D sodium salt"
"106-89-8","Epichlorohydrin"
"13194-48-4","Ethoprop"
"110-80-5","2-Ethoxyethanol"
"140-88-5","Ethyl acrylate"
"100-41-4","Ethylbenzene"
"541-41-3","Ethyl chloroformate"
"759-94-4","S-Ethyl dipropylthiocarbamateS-Ethyl dipropylthiocarbamateS-Ethyl dipropylthiocarbamateS-Ethyl dipropylthiocarbamateS-Ethyl dipropylthiocarbamateS-Ethyl dipropylthiocarbamateS-Ethyl dipropylthiocarbamateS-Ethyl dipropylthiocarbamateS-Ethyl dipropylthiocarbamateS-Ethyl dipropylthiocarbamateS-Ethyl dipropylthiocarbamateS-Ethyl dipropylthiocarbamateS-Ethyl dipropylthiocarbamateS-Ethyl dipropylthiocarbamateS-Ethyl dipropylthiocarbamateS-Ethyl dipropylthiocarbamateS-Ethyl dipropylthiocarbamateS-Ethyl dipropylthiocarbamateS-Ethyl dipropylthiocarbamate"
"74-85-1","Ethylene"
"107-21-1","Ethylene glycol"
"151-56-4","Ethyleneimine (Aziridine)"
"75-21-8","Ethylene oxide"
"96-45-7","Ethylene thiourea"
"75-34-3","Ethylidene dichloride (1,1-Dichloroethane)"
"52-85-7","Famphur"
"60168-88-9","Fenarimol "
"13356-08-6","Fenbutatin oxide"
"66441-23-4","Fenoxaprop-ethyl "
"72490-01-8","Fenoxycarb "
"39515-41-8","Fenpropathrin"
"55-38-9","Fenthion"
"51630-58-1","Fenvalerate"
"14484-64-1","Ferbam"
"69806-50-4","Fluazifop-butyl"
"2164-17-2","Fluometuron"
"7782-41-4","Fluorine"
"51-21-8","Fluorouracil (5-Fluorouracil)"
"69409-94-5","Fluvalinate"
"133-07-3","Folpet"
"72178-02-0","Fomesafen "
"50-00-0","Formaldehyde"
"64-18-6","Formic acid"
"76-13-1","Freon 113 (CFC-113) "
"110-00-9","Furan  "
"556-52-5","Glycidol"
"76-44-8","Heptachlor"
"118-74-1","Hexachlorobenzene"
"87-68-3","Hexachloro-1,3-butadiene (Hexachlorobutadiene)"
"319-84-6","alpha-Hexachlorocyclohexanealpha-Hexachlorocyclohexanealpha-Hexachlorocyclohexanealpha-Hexachlorocyclohexanealpha-Hexachlorocyclohexanealpha-Hexachlorocyclohexanealpha-Hexachlorocyclohexanealpha-Hexachlorocyclohexanealpha-Hexachlorocyclohexanealpha-Hexachlorocyclohexanealpha-Hexachlorocyclohexanealpha-Hexachlorocyclohexanealpha-Hexachlorocyclohexanealpha-Hexachlorocyclohexanealpha-Hexachlorocyclohexanealpha-Hexachlorocyclohexanealpha-Hexachlorocyclohexane"
"77-47-4","Hexachlorocyclopentadiene"
"67-72-1","Hexachloroethane"
"1335-87-1","Hexachloronaphthalene"
"70-30-4","Hexachlorophene"
"680-31-9","Hexamethylphosphoramide"
"110-54-3","n-Hexane (Hexane)n-Hexane (Hexane)n-Hexane (Hexane)n-Hexane (Hexane)n-Hexane (Hexane)n-Hexane (Hexane)n-Hexane (Hexane)n-Hexane (Hexane)n-Hexane (Hexane)n-Hexane (Hexane)n-Hexane (Hexane)n-Hexane (Hexane)n-Hexane (Hexane)n-Hexane (Hexane)n-Hexane (Hexane)n-Hexane (Hexane)n-Hexane (Hexane)"
"51235-04-2","Hexazinone"
"67485-29-4","Hydramethylnon"
"302-01-2","Hydrazine"
"10034-93-2","Hydrazine sulfate (1:1)"
"7647-01-0","Hydrochloric acid (acid aerosols including mists, vapors, gas, fog, and other airborne forms of any particle size)"
"74-90-8","Hydrogen cyanide"
"7664-39-3","Hydrogen fluoride (Hydrofluoric acid)"
"7783-06-4","Hydrogen sulfide"
"123-31-9","Hydroquinone"
"35554-44-0","Imazalil "
"55406-53-6","3-Iodo-2-propynyl butylcarbamate"
"13463-40-6","Iron pentacarbonyl"
"78-84-2","Isobutyraldehyde"
"465-73-6","Isodrin"
"25311-71-1","Isofenphos"
"78-79-5","Isoprene"
"67-63-0","Isopropyl alcohol (Isopropanol) (only persons who manufacture by the strong acid process are subject, no supplier notification)"
"80-05-7","4,4'-Isopropylidenediphenol"
"120-58-1","Isosafrole"
"77501-63-4","Lactofen "
"7439-92-1","Lead "
"58-89-9","Lindane "
"330-55-2","Linuron"
"554-13-2","Lithium carbonate"
"121-75-5","Malathion"
"108-31-6","Maleic anhydride"
"109-77-3","Malononitrile"
"12427-38-2","Maneb "
"7439-96-5","Manganese"
"93-65-2","Mecoprop"
"149-30-4","2-Mercaptobenzothiazole"
"7439-97-6","Mercury"
"150-50-5","Merphos"
"126-98-7","Methacrylonitrile"
"137-42-8","Metham sodium (Sodium methyldithiocarbamate)"
"67-56-1","Methanol"
"20354-26-1","Methazole"
"2032-65-7","Methiocarb"
"94-74-6","Methoxone (MCPA)"
"3653-48-3","Methoxone sodium salt"
"72-43-5","Methoxychlor "
"109-86-4","2-Methoxyethanol"
"96-33-3","Methyl acrylate"
"1634-04-4","Methyl tert-butyl ether"
"79-22-1","Methyl chlorocarbonate"
"101-14-4","4,4'-Methylenebis(2-chloroaniline) "
"101-61-1","4,4'-Methylenebis(N,N-dimethyl)benzenamine (4,4'-Methylenebis[N,N-dimethylaniline])4,4'-Methylenebis(N,N-dimethyl)benzenamine (4,4'-Methylenebis[N,N-dimethylaniline])4,4'-Methylenebis(N,N-dimethyl)benzenamine (4,4'-Methylenebis[N,N-dimethylaniline])4,4'-Methylenebis(N,N-dimethyl)benzenamine (4,4'-Methylenebis[N,N-dimethylaniline])4,4'-Methylenebis(N,N-dimethyl)benzenamine (4,4'-Methylenebis[N,N-dimethylaniline])4,4'-Methylenebis(N,N-dimethyl)benzenamine (4,4'-Methylenebis[N,N-dimethylaniline])4,4'-Methylenebis(N,N-dimethyl)benzenamine (4,4'-Methylenebis[N,N-dimethylaniline])4,4'-Methylenebis(N,N-dimethyl)benzenamine (4,4'-Methylenebis[N,N-dimethylaniline])4,4'-Methylenebis(N,N-dimethyl)benzenamine (4,4'-Methylenebis[N,N-dimethylaniline])4,4'-Methylenebis(N,N-dimethyl)benzenamine (4,4'-Methylenebis[N,N-dimethylaniline])4,4'-Methylenebis(N,N-dimethyl)benzenamine (4,4'-Methylenebis[N,N-dimethylaniline])4,4'-Methylenebis(N,N-dimethyl)benzenamine (4,4'-Methylenebis[N,N-dimethylaniline])4,4'-Methylenebis(N,N-dimethyl)benzenamine (4,4'-Methylenebis[N,N-dimethylaniline])4,4'-Methylenebis(N,N-dimethyl)benzenamine (4,4'-Methylenebis[N,N-dimethylaniline])"
"74-95-3","Methylene bromide (Dibromomethane)"
"101-77-9","4,4'-Methylenedianiline"
"93-15-2","Methyleugenol"
"60-34-4","Methyl hydrazine"
"74-88-4","Methyl iodide"
"108-10-1","Methyl isobutyl ketone"
"624-83-9","Methyl isocyanate"
"556-61-6","Methyl isothiocyanate"
"75-86-5","2-Methyllactonitrile (Acetone cyanohydrin)"
"80-62-6","Methyl methacrylate"
"924-42-5","N-MethylolacrylamideN-MethylolacrylamideN-MethylolacrylamideN-MethylolacrylamideN-MethylolacrylamideN-MethylolacrylamideN-MethylolacrylamideN-MethylolacrylamideN-MethylolacrylamideN-MethylolacrylamideN-MethylolacrylamideN-MethylolacrylamideN-Methylolacrylamide"
"298-00-0","Methyl parathion"
"109-06-8","2-Methylpyridine"
"872-50-4","N-Methyl-2-pyrrolidoneN-Methyl-2-pyrrolidoneN-Methyl-2-pyrrolidoneN-Methyl-2-pyrrolidoneN-Methyl-2-pyrrolidoneN-Methyl-2-pyrrolidoneN-Methyl-2-pyrrolidoneN-Methyl-2-pyrrolidoneN-Methyl-2-pyrrolidoneN-Methyl-2-pyrrolidoneN-Methyl-2-pyrrolidoneN-Methyl-2-pyrrolidoneN-Methyl-2-pyrrolidone"
"9006-42-2","Metiram"
"21087-64-9","Metribuzin"
"7786-34-7","Mevinphos"
"90-94-8","Michler’s ketone"
"2212-67-1","Molinate"
"1313-27-5","Molybdenum trioxide"
"76-15-3","Monochloropentafluoroethane (CFC-115)"
"150-68-5","Monuron"
"505-60-2","Mustard gas "
"88671-89-0","Myclobutanil"
"142-59-6","Nabam"
"300-76-5","Naled"
"91-20-3","Naphthalene"
"134-32-7","alpha-Naphthylamine (1-Naphthalenamine)alpha-Naphthylamine (1-Naphthalenamine)alpha-Naphthylamine (1-Naphthalenamine)alpha-Naphthylamine (1-Naphthalenamine)alpha-Naphthylamine (1-Naphthalenamine)alpha-Naphthylamine (1-Naphthalenamine)alpha-Naphthylamine (1-Naphthalenamine)alpha-Naphthylamine (1-Naphthalenamine)alpha-Naphthylamine (1-Naphthalenamine)alpha-Naphthylamine (1-Naphthalenamine)alpha-Naphthylamine (1-Naphthalenamine)alpha-Naphthylamine (1-Naphthalenamine)"
"91-59-8","beta-Naphthylamine (2-Naphthalenamine)beta-Naphthylamine (2-Naphthalenamine)beta-Naphthylamine (2-Naphthalenamine)beta-Naphthylamine (2-Naphthalenamine)beta-Naphthylamine (2-Naphthalenamine)beta-Naphthylamine (2-Naphthalenamine)beta-Naphthylamine (2-Naphthalenamine)beta-Naphthylamine (2-Naphthalenamine)beta-Naphthylamine (2-Naphthalenamine)beta-Naphthylamine (2-Naphthalenamine)beta-Naphthylamine (2-Naphthalenamine)beta-Naphthylamine (2-Naphthalenamine)"
"7440-02-0","Nickel"
"1929-82-4","Nitrapyrin "
"7697-37-2","Nitric acid"
"139-13-9","Nitrilotriacetic acid"
"100-01-6","p-Nitroanilinep-Nitroanilinep-Nitroanilinep-Nitroanilinep-Nitroanilinep-Nitroanilinep-Nitroanilinep-Nitroanilinep-Nitroanilinep-Nitroanilinep-Nitroanilinep-Nitroaniline"
"99-59-2","5-Nitro-o-anisidine (2-Methoxy-5-nitroaniline)5-Nitro-o-anisidine (2-Methoxy-5-nitroaniline)5-Nitro-o-anisidine (2-Methoxy-5-nitroaniline)5-Nitro-o-anisidine (2-Methoxy-5-nitroaniline)5-Nitro-o-anisidine (2-Methoxy-5-nitroaniline)5-Nitro-o-anisidine (2-Methoxy-5-nitroaniline)5-Nitro-o-anisidine (2-Methoxy-5-nitroaniline)5-Nitro-o-anisidine (2-Methoxy-5-nitroaniline)5-Nitro-o-anisidine (2-Methoxy-5-nitroaniline)5-Nitro-o-anisidine (2-Methoxy-5-nitroaniline)5-Nitro-o-anisidine (2-Methoxy-5-nitroaniline)5-Nitro-o-anisidine (2-Methoxy-5-nitroaniline)"
"91-23-6","o-Nitroanisoleo-Nitroanisoleo-Nitroanisoleo-Nitroanisoleo-Nitroanisoleo-Nitroanisoleo-Nitroanisoleo-Nitroanisoleo-Nitroanisoleo-Nitroanisoleo-Nitroanisoleo-Nitroanisole"
"98-95-3","Nitrobenzene"
"92-93-3","4-Nitrobiphenyl"
"1836-75-5","Nitrofen"
"51-75-2","Nitrogen mustard (HN-2) "
"55-63-0","Nitroglycerin"
"75-52-5","Nitromethane "
"88-75-5","2-Nitrophenol (o-Nitrophenol)2-Nitrophenol (o-Nitrophenol)2-Nitrophenol (o-Nitrophenol)2-Nitrophenol (o-Nitrophenol)2-Nitrophenol (o-Nitrophenol)2-Nitrophenol (o-Nitrophenol)2-Nitrophenol (o-Nitrophenol)2-Nitrophenol (o-Nitrophenol)2-Nitrophenol (o-Nitrophenol)2-Nitrophenol (o-Nitrophenol)2-Nitrophenol (o-Nitrophenol)"
"100-02-7","4-Nitrophenol (p-Nitrophenol)4-Nitrophenol (p-Nitrophenol)4-Nitrophenol (p-Nitrophenol)4-Nitrophenol (p-Nitrophenol)4-Nitrophenol (p-Nitrophenol)4-Nitrophenol (p-Nitrophenol)4-Nitrophenol (p-Nitrophenol)4-Nitrophenol (p-Nitrophenol)4-Nitrophenol (p-Nitrophenol)4-Nitrophenol (p-Nitrophenol)4-Nitrophenol (p-Nitrophenol)"
"79-46-9","2-Nitropropane"
"924-16-3","N-Nitrosodi-n-butylamineN-Nitrosodi-n-butylamineN-Nitrosodi-n-butylamineN-Nitrosodi-n-butylamineN-Nitrosodi-n-butylamineN-Nitrosodi-n-butylamineN-Nitrosodi-n-butylamineN-Nitrosodi-n-butylamineN-Nitrosodi-n-butylamineN-Nitrosodi-n-butylamineN-Nitrosodi-n-butylamine"
"55-18-5","N-NitrosodiethylamineN-NitrosodiethylamineN-NitrosodiethylamineN-NitrosodiethylamineN-NitrosodiethylamineN-NitrosodiethylamineN-NitrosodiethylamineN-NitrosodiethylamineN-NitrosodiethylamineN-NitrosodiethylamineN-Nitrosodiethylamine"
"62-75-9","N-NitrosodimethylamineN-NitrosodimethylamineN-NitrosodimethylamineN-NitrosodimethylamineN-NitrosodimethylamineN-NitrosodimethylamineN-NitrosodimethylamineN-NitrosodimethylamineN-NitrosodimethylamineN-NitrosodimethylamineN-Nitrosodimethylamine"
"86-30-6","N-NitrosodiphenylamineN-NitrosodiphenylamineN-NitrosodiphenylamineN-NitrosodiphenylamineN-NitrosodiphenylamineN-NitrosodiphenylamineN-NitrosodiphenylamineN-NitrosodiphenylamineN-NitrosodiphenylamineN-NitrosodiphenylamineN-Nitrosodiphenylamine"
"156-10-5","p-Nitrosodiphenylaminep-Nitrosodiphenylaminep-Nitrosodiphenylaminep-Nitrosodiphenylaminep-Nitrosodiphenylaminep-Nitrosodiphenylaminep-Nitrosodiphenylaminep-Nitrosodiphenylaminep-Nitrosodiphenylaminep-Nitrosodiphenylaminep-Nitrosodiphenylamine"
"621-64-7","N-Nitrosodi-n-propylamineN-Nitrosodi-n-propylamineN-Nitrosodi-n-propylamineN-Nitrosodi-n-propylamineN-Nitrosodi-n-propylamineN-Nitrosodi-n-propylamineN-Nitrosodi-n-propylamineN-Nitrosodi-n-propylamineN-Nitrosodi-n-propylamineN-Nitrosodi-n-propylamineN-Nitrosodi-n-propylamine"
"759-73-9","N-Nitroso-N-ethylureaN-Nitroso-N-ethylureaN-Nitroso-N-ethylureaN-Nitroso-N-ethylureaN-Nitroso-N-ethylureaN-Nitroso-N-ethylureaN-Nitroso-N-ethylureaN-Nitroso-N-ethylureaN-Nitroso-N-ethylureaN-Nitroso-N-ethylureaN-Nitroso-N-ethylurea"
"684-93-5","N-Nitroso-N-methylureaN-Nitroso-N-methylureaN-Nitroso-N-methylureaN-Nitroso-N-methylureaN-Nitroso-N-methylureaN-Nitroso-N-methylureaN-Nitroso-N-methylureaN-Nitroso-N-methylureaN-Nitroso-N-methylureaN-Nitroso-N-methylureaN-Nitroso-N-methylurea"
"4549-40-0","N-NitrosomethylvinylamineN-NitrosomethylvinylamineN-NitrosomethylvinylamineN-NitrosomethylvinylamineN-NitrosomethylvinylamineN-NitrosomethylvinylamineN-NitrosomethylvinylamineN-NitrosomethylvinylamineN-NitrosomethylvinylamineN-NitrosomethylvinylamineN-Nitrosomethylvinylamine"
"59-89-2","N-NitrosomorpholineN-NitrosomorpholineN-NitrosomorpholineN-NitrosomorpholineN-NitrosomorpholineN-NitrosomorpholineN-NitrosomorpholineN-NitrosomorpholineN-NitrosomorpholineN-NitrosomorpholineN-Nitrosomorpholine"
"16543-55-8","N-NitrosonornicotineN-NitrosonornicotineN-NitrosonornicotineN-NitrosonornicotineN-NitrosonornicotineN-NitrosonornicotineN-NitrosonornicotineN-NitrosonornicotineN-NitrosonornicotineN-NitrosonornicotineN-Nitrosonornicotine"
"100-75-4","N-NitrosopiperidineN-NitrosopiperidineN-NitrosopiperidineN-NitrosopiperidineN-NitrosopiperidineN-NitrosopiperidineN-NitrosopiperidineN-NitrosopiperidineN-NitrosopiperidineN-NitrosopiperidineN-Nitrosopiperidine"
"88-72-2","o-Nitrotolueneo-Nitrotolueneo-Nitrotolueneo-Nitrotolueneo-Nitrotolueneo-Nitrotolueneo-Nitrotolueneo-Nitrotolueneo-Nitrotolueneo-Nitrotoluene"
"99-55-8","5-Nitro-o-toluidine (2-Methyl-5-nitroaniline)5-Nitro-o-toluidine (2-Methyl-5-nitroaniline)5-Nitro-o-toluidine (2-Methyl-5-nitroaniline)5-Nitro-o-toluidine (2-Methyl-5-nitroaniline)5-Nitro-o-toluidine (2-Methyl-5-nitroaniline)5-Nitro-o-toluidine (2-Methyl-5-nitroaniline)5-Nitro-o-toluidine (2-Methyl-5-nitroaniline)5-Nitro-o-toluidine (2-Methyl-5-nitroaniline)5-Nitro-o-toluidine (2-Methyl-5-nitroaniline)5-Nitro-o-toluidine (2-Methyl-5-nitroaniline)"
"27314-13-2","Norflurazon"
"2234-13-1","Octachloronaphthalene"
"29082‑74‑4","Octachlorostyrene"
"19044-88-3","Oryzalin "
"20816-12-0","Osmium tetroxide"
"19666-30-9","Oxadiazon "
"301-12-2","Oxydemeton-methyl "
"42874-03-3","Oxyfluorfen"
"10028-15-6","Ozone"
"123-63-7","Paraldehyde"
"1910-42-5","Paraquat dichloride"
"56-38-2","Parathion "
"1114-71-2","Pebulate"
"40487-42-1","Pendimethalin"
"608‑93‑5","Pentachlorobenzene"
"76-01-7","Pentachloroethane"
"87-86-5","Pentachlorophenol"
"57-33-0","Pentobarbital sodium"
"79-21-0","Peracetic acid"
"594-42-3","Perchloromethyl mercaptan"
"52645-53-1","Permethrin"
"85-01-8","Phenanthrene"
"108-95-2","Phenol"
"77-09-8","Phenolphthalein (3,3-Bis(4-hydroxyphenyl)phthalide)"
"26002-80-2","Phenothrin "
"106-50-3","p-Phenylenediaminep-Phenylenediaminep-Phenylenediaminep-Phenylenediaminep-Phenylenediaminep-Phenylenediaminep-Phenylenediaminep-Phenylenediaminep-Phenylenediamine"
"95-54-5","1,2-Phenylenediamine"
"108-45-2","1,3-Phenylenediamine"
"615-28-1","1,2-Phenylenediamine dihydrochloride"
"624-18-0","1,4-Phenylenediamine dihydrochloride"
"90-43-7","2-Phenylphenol"
"57-41-0","Phenytoin"
"75-44-5","Phosgene"
"7803-51-2","Phosphine"
"12185-10-3","Phosphorus (yellow or white)"
"85-44-9","Phthalic anhydride"
"1918-02-1","Picloram"
"88-89-1","Picric acid"
"51-03-6","Piperonyl butoxide"
"29232-93-7","Pirimiphos-methyl"
"1336-36-3","Polychlorinated biphenyls "
"7758-01-2","Potassium bromate"
"128-03-0","Potassium dimethyldithiocarbamate"
"137-41-7","Potassium N-methyldithiocarbamatePotassium N-methyldithiocarbamatePotassium N-methyldithiocarbamatePotassium N-methyldithiocarbamatePotassium N-methyldithiocarbamatePotassium N-methyldithiocarbamatePotassium N-methyldithiocarbamatePotassium N-methyldithiocarbamate"
"41198-08-7","Profenofos"
"7287-19-6","Prometryn"
"23950-58-5","Pronamide"
"1918-16-7","Propachlor"
"1120-71-4","1,3-Propane sultone"
"709-98-8","Propanil"
"2312-35-8","Propargite"
"107-19-7","Propargyl alcohol"
"31218-83-4","Propetamphos "
"60207-90-1","Propiconazole"
"57-57-8","beta-Propiolactonebeta-Propiolactonebeta-Propiolactonebeta-Propiolactonebeta-Propiolactonebeta-Propiolactonebeta-Propiolactone"
"123-38-6","Propionaldehyde"
"114-26-1","Propoxur"
"115-07-1","Propylene"
"75-55-8","Propyleneimine"
"75-56-9","Propylene oxide"
"110-86-1","Pyridine"
"91-22-5","Quinoline"
"106-51-4","Quinone"
"82-68-8","Quintozene (Pentachloronitrobenzene)"
"76578-14-8","Quizalofop-ethyl "
"10453-86-8","Resmethrin"
"81-07-2","Saccharin (only persons who manufacture are subject, no supplier notification)"
"94-59-7","Safrole"
"7782-49-2","Selenium"
"74051-80-2","Sethoxydim "
"7440-22-4","Silver"
"122-34-9","Simazine"
"26628-22-8","Sodium azide"
"1982-69-0","Sodium dicamba "
"128-04-1","Sodium dimethyldithiocarbamate"
"62-74-8","Sodium fluoroacetate"
"7632-00-0","Sodium nitrite"
"131-52-2","Sodium pentachlorophenate"
"132-27-4","Sodium o-phenylphenoxideSodium o-phenylphenoxideSodium o-phenylphenoxideSodium o-phenylphenoxideSodium o-phenylphenoxide"
"100-42-5","Styrene"
"96-09-3","Styrene oxide"
"7664-93-9","Sulfuric acid (acid aerosols including mists, vapors, gas, fog, and other airborne forms of any particle size)"
"2699-79-8","Sulfuryl fluoride"
"35400-43-2","Sulprofos "
"34014-18-1","Tebuthiuron "
"3383-96-8","Temephos"
"5902-51-2","Terbacil"
"79‑94‑7","Tetrabromobisphenol A"
"630-20-6","1,1,1,2-Tetrachloroethane"
"79-34-5","1,1,2,2-Tetrachloroethane"
"127-18-4","Tetrachloroethylene"
"354-11-0","1,1,1,2-Tetrachloro-2-fluoroethane (HCFC-121a)"
"354-14-3","1,1,2,2-Tetrachloro-1-fluoroethane (HCFC-121)"
"961-11-5","Tetrachlorvinphos"
"64-75-5","Tetracycline hydrochloride"
"116-14-3","Tetrafluoroethylene (Tetrafluoroethene)"
"7696-12-0","Tetramethrin "
"509-14-8","Tetranitromethane "
"7440-28-0","Thallium"
"148-79-8","Thiabendazole "
"62-55-5","Thioacetamide"
"28249-77-6","Thiobencarb"
"139-65-1","4,4'-Thiodianiline"
"59669-26-0","Thiodicarb"
"23564-06-9","Thiophanate-ethyl"
"23564-05-8","Thiophanate-methyl"
"79-19-6","Thiosemicarbazide"
"62-56-6","Thiourea"
"137-26-8","Thiram"
"1314-20-1","Thorium dioxide"
"7550-45-0","Titanium tetrachloride"
"108-88-3","Toluene"
"584-84-9","Toluene-2,4-diisocyanate"
"91-08-7","Toluene-2,6-diisocyanate"
"26471-62-5","Toluene diisocyanate (mixed isomers)"
"95-53-4","o-Toluidineo-Toluidineo-Toluidine"
"636-21-5","o-Toluidine hydrochlorideo-Toluidine hydrochlorideo-Toluidine hydrochloride"
"8001-35-2","Toxaphene"
"43121-43-3","Triadimefon "
"2303-17-5","Triallate"
"68-76-8","Triaziquone"
"101200-48-0","Tribenuron-methyl "
"1983-10-4","Tributyltin fluoride"
"2155-70-6","Tributyltin methacrylate"
"78-48-8","S,S,S-Tributyltrithiophosphate (Tribufos)S,S,S-Tributyltrithiophosphate (Tribufos)S,S,S-Tributyltrithiophosphate (Tribufos)"
"52-68-6","Trichlorfon"
"76-02-8","Trichloroacetyl chloride"
"120-82-1","1,2,4-Trichlorobenzene"
"71-55-6","1,1,1-Trichloroethane"
"79-00-5","1,1,2-Trichloroethane"
"79-01-6","Trichloroethylene"
"75-69-4","Trichlorofluoromethane (CFC-11)"
"95-95-4","2,4,5-Trichlorophenol"
"88-06-2","2,4,6-Trichlorophenol"
"96-18-4","1,2,3-Trichloropropane"
"57213-69-1","Triclopyr-triethylammonium salt"
"121-44-8","Triethylamine"
"1582-09-8","Trifluralin "
"26644-46-2","Triforine "
"95-63-6","1,2,4-Trimethylbenzene"
"2655-15-4","2,3,5-Trimethylphenyl methylcarbamate"
"639-58-7","Triphenyltin chloride"
"76-87-9","Triphenyltin hydroxide"
"126-72-7","Tris(2,3-dibromopropyl) phosphate"
"72-57-1","Trypan blue"
"51-79-6","Urethane"
"7440-62-2","Vanadium (except when contained in an alloy)"
"50471-44-8","Vinclozolin"
"108-05-4","Vinyl acetate"
"593-60-2","Vinyl bromide"
"75-01-4","Vinyl chloride"
"75-02-5","Vinyl fluoride"
"75-35-4","Vinylidene chloride (1,1-Dichloroethylene)"
"1330-20-7","Xylene (mixed isomers)"
"108-38-3","m-Xylene"
"95-47-6","o-Xylene"
"106-42-3","p-Xylene"
"87-62-7","2,6-Xylidine"
"7440-66-6","Zinc (fume or dust)"
"12122-67-7","Zineb "
"N010","Antimony compounds"
"N020","Arsenic compounds"
"N040","Barium compounds (except for barium sulfate (CAS No. 7727-43-7))Barium compounds (except for barium sulfate (CAS No. 7727-43-7))Barium compounds (except for barium sulfate (CAS No. 7727-43-7))Barium compounds (except for barium sulfate (CAS No. 7727-43-7))Barium compounds (except for barium sulfate (CAS No. 7727-43-7))Barium compounds (except for barium sulfate (CAS No. 7727-43-7))Barium compounds (except for barium sulfate (CAS No. 7727-43-7))Barium compounds (except for barium sulfate (CAS No. 7727-43-7))"
"N050","Beryllium compounds"
"N078","Cadmium compounds"
"N084","Chlorophenols"
"N090","Chromium compounds (except for chromite ore mined in the Transvaal Region of South Africa and the unreacted ore component of the chromite ore processing residue (COPR).  COPR is the solid waste remaining after aqueous extraction of oxidized chromite ore that has been combined with soda ash and kiln roasted at approximately 2,000 oF.) Chromium compounds (except for chromite ore mined in the Transvaal Region of South Africa and the unreacted ore component of the chromite ore processing residue (COPR).  COPR is the solid waste remaining after aqueous extraction of oxidized chromite ore that has been combined with soda ash and kiln roasted at approximately 2,000 oF.) Chromium compounds (except for chromite ore mined in the Transvaal Region of South Africa and the unreacted ore component of the chromite ore processing residue (COPR).  COPR is the solid waste remaining after aqueous extraction of oxidized chromite ore that has been combined with soda ash and kiln roasted at approximately 2,000 oF.) Chromium compounds (except for chromite ore mined in the Transvaal Region of South Africa and the unreacted ore component of the chromite ore processing residue (COPR).  COPR is the solid waste remaining after aqueous extraction of oxidized chromite ore that has been combined with soda ash and kiln roasted at approximately 2,000 oF.) Chromium compounds (except for chromite ore mined in the Transvaal Region of South Africa and the unreacted ore component of the chromite ore processing residue (COPR).  COPR is the solid waste remaining after aqueous extraction of oxidized chromite ore that has been combined with soda ash and kiln roasted at approximately 2,000 oF.) Chromium compounds (except for chromite ore mined in the Transvaal Region of South Africa and the unreacted ore component of the chromite ore processing residue (COPR).  COPR is the solid waste remaining after aqueous extraction of oxidized chromite ore that has been combined with soda ash and kiln roasted at approximately 2,000 oF.) Chromium compounds (except for chromite ore mined in the Transvaal Region of South Africa and the unreacted ore component of the chromite ore processing residue (COPR).  COPR is the solid waste remaining after aqueous extraction of oxidized chromite ore that has been combined with soda ash and kiln roasted at approximately 2,000 oF.) Chromium compounds (except for chromite ore mined in the Transvaal Region of South Africa and the unreacted ore component of the chromite ore processing residue (COPR).  COPR is the solid waste remaining after aqueous extraction of oxidized chromite ore that has been combined with soda ash and kiln roasted at approximately 2,000 oF.) "
"N096","Cobalt compounds"
"N100","Copper compounds (this category does not include copper phthalocyanine compounds that are substituted with only hydrogen, and/or chlorine, and/or bromine.)Copper compounds (this category does not include copper phthalocyanine compounds that are substituted with only hydrogen, and/or chlorine, and/or bromine.)Copper compounds (this category does not include copper phthalocyanine compounds that are substituted with only hydrogen, and/or chlorine, and/or bromine.)Copper compounds (this category does not include copper phthalocyanine compounds that are substituted with only hydrogen, and/or chlorine, and/or bromine.)Copper compounds (this category does not include copper phthalocyanine compounds that are substituted with only hydrogen, and/or chlorine, and/or bromine.)Copper compounds (this category does not include copper phthalocyanine compounds that are substituted with only hydrogen, and/or chlorine, and/or bromine.)Copper compounds (this category does not include copper phthalocyanine compounds that are substituted with only hydrogen, and/or chlorine, and/or bromine.)Copper compounds (this category does not include copper phthalocyanine compounds that are substituted with only hydrogen, and/or chlorine, and/or bromine.)"
"N106","Cyanide compounds"
"N120","Diisocyanates (includes the 20 compounds below)Diisocyanates (includes the 20 compounds below)Diisocyanates (includes the 20 compounds below)Diisocyanates (includes the 20 compounds below)Diisocyanates (includes the 20 compounds below)Diisocyanates (includes the 20 compounds below)Diisocyanates (includes the 20 compounds below)Diisocyanates (includes the 20 compounds below)"
"38661-72-2*","1,3-Bis(methylisocyanate)cyclohexane "
"10347-54-3*","1,4-Bis(methylisocyanate)cyclohexane (1,4-Bis(isocyanatomethyl)cyclohexane) "
"2556-36-7*","1,4-Cyclohexane diisocyanate"
"134190-37-7*","Diethyldiisocyanatobenzene "
"4128-73-8*","4,4'-Diisocyanatodiphenyl ether "
"75790-87-3*","2,4'-Diisocyanatodiphenyl sulfide "
"91-93-0*","3,3'-Dimethoxybenzidine-4,4'-diisocyanate"
"91-97-4*","3,3'-Dimethyl-4,4'-diphenylene diisocyanate "
"139-25-3*","3,3'-Dimethyldiphenylmethane-4,4'-diisocyanate "
"822-06-0*","Hexamethylene-1,6-diisocyanate"
"4098-71-9*","Isophorone diisocyanate  "
"75790-84-0*","4-Methyldiphenylmethane-3,4-diisocyanate    "
"5124-30-1*","1,1-Methylenebis(4-isocyanatocyclohexane)     "
"101-68-8*","4,4'-Methylenedi(phenyl isocyanate) "
"3173-72-6*","1,5-Naphthalene diisocyanate "
"123-61-5*","1,3-Phenylene diisocyanate "
"104-49-4*","1,4-Phenylene diisocyanate "
"9016-87-9*","Polymeric diphenylmethane diisocyanate "
"16938-22-0*","2,2,4-Trimethylhexamethylene diisocyanate "
"15646-96-5*","2,4,4-Trimethylhexamethylene diisocyanate "
"N150","Dioxin and dioxin-like compounds (Manufacturing; and the processing or otherwise use of dioxin and dioxin like compounds if the dioxin and dioxin like compounds are present as contaminants in a chemical and if they were created during the manufacturing of that chemical.)(includes the 17 compounds below)Dioxin and dioxin-like compounds (Manufacturing; and the processing or otherwise use of dioxin and dioxin like compounds if the dioxin and dioxin like compounds are present as contaminants in a chemical and if they were created during the manufacturing of that chemical.)(includes the 17 compounds below)Dioxin and dioxin-like compounds (Manufacturing; and the processing or otherwise use of dioxin and dioxin like compounds if the dioxin and dioxin like compounds are present as contaminants in a chemical and if they were created during the manufacturing of that chemical.)(includes the 17 compounds below)Dioxin and dioxin-like compounds (Manufacturing; and the processing or otherwise use of dioxin and dioxin like compounds if the dioxin and dioxin like compounds are present as contaminants in a chemical and if they were created during the manufacturing of that chemical.)(includes the 17 compounds below)Dioxin and dioxin-like compounds (Manufacturing; and the processing or otherwise use of dioxin and dioxin like compounds if the dioxin and dioxin like compounds are present as contaminants in a chemical and if they were created during the manufacturing of that chemical.)(includes the 17 compounds below)Dioxin and dioxin-like compounds (Manufacturing; and the processing or otherwise use of dioxin and dioxin like compounds if the dioxin and dioxin like compounds are present as contaminants in a chemical and if they were created during the manufacturing of that chemical.)(includes the 17 compounds below)"
"1746-01-6*","2,3,7,8-Tetrachlorodibenzo-p-dioxin2,3,7,8-Tetrachlorodibenzo-p-dioxin2,3,7,8-Tetrachlorodibenzo-p-dioxin2,3,7,8-Tetrachlorodibenzo-p-dioxin2,3,7,8-Tetrachlorodibenzo-p-dioxin2,3,7,8-Tetrachlorodibenzo-p-dioxin"
"40321-76-4*","1,2,3,7,8‑Pentachlorodibenzo-p-dioxin1,2,3,7,8‑Pentachlorodibenzo-p-dioxin1,2,3,7,8‑Pentachlorodibenzo-p-dioxin1,2,3,7,8‑Pentachlorodibenzo-p-dioxin1,2,3,7,8‑Pentachlorodibenzo-p-dioxin1,2,3,7,8‑Pentachlorodibenzo-p-dioxin"
"39227-28-6*","1,2,3,4,7,8-Hexachlorodibenzo-p-dioxin1,2,3,4,7,8-Hexachlorodibenzo-p-dioxin1,2,3,4,7,8-Hexachlorodibenzo-p-dioxin1,2,3,4,7,8-Hexachlorodibenzo-p-dioxin1,2,3,4,7,8-Hexachlorodibenzo-p-dioxin1,2,3,4,7,8-Hexachlorodibenzo-p-dioxin"
"57653-85-7*","1,2,3,6,7,8-Hexachlorodibenzo-p-dioxin1,2,3,6,7,8-Hexachlorodibenzo-p-dioxin1,2,3,6,7,8-Hexachlorodibenzo-p-dioxin1,2,3,6,7,8-Hexachlorodibenzo-p-dioxin1,2,3,6,7,8-Hexachlorodibenzo-p-dioxin1,2,3,6,7,8-Hexachlorodibenzo-p-dioxin"
"19408-74-3*","1,2,3,7,8,9‑Hexachlorodibenzo-p-dioxin1,2,3,7,8,9‑Hexachlorodibenzo-p-dioxin1,2,3,7,8,9‑Hexachlorodibenzo-p-dioxin1,2,3,7,8,9‑Hexachlorodibenzo-p-dioxin1,2,3,7,8,9‑Hexachlorodibenzo-p-dioxin1,2,3,7,8,9‑Hexachlorodibenzo-p-dioxin"
"35822-46-9*","1,2,3,4,6,7,8-Heptachlorodibenzo-p-dioxin1,2,3,4,6,7,8-Heptachlorodibenzo-p-dioxin1,2,3,4,6,7,8-Heptachlorodibenzo-p-dioxin1,2,3,4,6,7,8-Heptachlorodibenzo-p-dioxin1,2,3,4,6,7,8-Heptachlorodibenzo-p-dioxin1,2,3,4,6,7,8-Heptachlorodibenzo-p-dioxin"
"3268-87-9*","1,2,3,4,6,7,8,9‑Octachlorodibenzo-p-dioxin1,2,3,4,6,7,8,9‑Octachlorodibenzo-p-dioxin1,2,3,4,6,7,8,9‑Octachlorodibenzo-p-dioxin1,2,3,4,6,7,8,9‑Octachlorodibenzo-p-dioxin1,2,3,4,6,7,8,9‑Octachlorodibenzo-p-dioxin1,2,3,4,6,7,8,9‑Octachlorodibenzo-p-dioxin"
"51207-31-9*","2,3,7,8-Tetrachlorodibenzofuran"
"57117-41-6*","1,2,3,7,8-Pentachlorodibenzofuran"
"57117-31-4*","2,3,4,7,8‑Pentachlorodibenzofuran2,3,4,7,8‑Pentachlorodibenzofuran2,3,4,7,8‑Pentachlorodibenzofuran2,3,4,7,8‑Pentachlorodibenzofuran2,3,4,7,8‑Pentachlorodibenzofuran2,3,4,7,8‑Pentachlorodibenzofuran"
"70648-26-9*","1,2,3,4,7,8‑Hexachlorodibenzofuran1,2,3,4,7,8‑Hexachlorodibenzofuran1,2,3,4,7,8‑Hexachlorodibenzofuran1,2,3,4,7,8‑Hexachlorodibenzofuran1,2,3,4,7,8‑Hexachlorodibenzofuran1,2,3,4,7,8‑Hexachlorodibenzofuran"
"57117-44-9*","1,2,3,6,7,8‑Hexachlorodibenzofuran1,2,3,6,7,8‑Hexachlorodibenzofuran1,2,3,6,7,8‑Hexachlorodibenzofuran1,2,3,6,7,8‑Hexachlorodibenzofuran1,2,3,6,7,8‑Hexachlorodibenzofuran1,2,3,6,7,8‑Hexachlorodibenzofuran"
"72918-21-9*","1,2,3,7,8,9‑Hexachlorodibenzofuran1,2,3,7,8,9‑Hexachlorodibenzofuran1,2,3,7,8,9‑Hexachlorodibenzofuran1,2,3,7,8,9‑Hexachlorodibenzofuran1,2,3,7,8,9‑Hexachlorodibenzofuran1,2,3,7,8,9‑Hexachlorodibenzofuran"
"60851-34-5*","2,3,4,6,7,8‑Hexachlorodibenzofuran2,3,4,6,7,8‑Hexachlorodibenzofuran2,3,4,6,7,8‑Hexachlorodibenzofuran2,3,4,6,7,8‑Hexachlorodibenzofuran2,3,4,6,7,8‑Hexachlorodibenzofuran2,3,4,6,7,8‑Hexachlorodibenzofuran"
"67562-39-4*","1,2,3,4,6,7,8-Heptachlorodibenzofuran"
"55673-89-7*","1,2,3,4,7,8,9‑Heptachlorodibenzofuran1,2,3,4,7,8,9‑Heptachlorodibenzofuran1,2,3,4,7,8,9‑Heptachlorodibenzofuran1,2,3,4,7,8,9‑Heptachlorodibenzofuran1,2,3,4,7,8,9‑Heptachlorodibenzofuran"
"39001-02-0*","1,2,3,4,6,7,8,9‑Octachlorodibenzofuran1,2,3,4,6,7,8,9‑Octachlorodibenzofuran1,2,3,4,6,7,8,9‑Octachlorodibenzofuran1,2,3,4,6,7,8,9‑Octachlorodibenzofuran1,2,3,4,6,7,8,9‑Octachlorodibenzofuran"
"N171","Ethylenebisdithiocarbamic acid, salts and esters"
"N230","Certain glycol ethers"
"N270","Hexabromocyclododecane (includes the 2 compounds below)Hexabromocyclododecane (includes the 2 compounds below)Hexabromocyclododecane (includes the 2 compounds below)Hexabromocyclododecane (includes the 2 compounds below)Hexabromocyclododecane (includes the 2 compounds below)"
"3194-55-6*","1,2,5,6,9,10-Hexabromocyclododecane"
"25637-99-4*","Hexabromocyclododecane"
"N420","Lead compounds"
"N450","Manganese compounds"
"N458","Mercury compounds"
"N495","Nickel compounds"
"N503","Nicotine and salts"
"N511","Nitrate compounds (water dissociable; reportable only when in aqueous solution)Nitrate compounds (water dissociable; reportable only when in aqueous solution)Nitrate compounds (water dissociable; reportable only when in aqueous solution)Nitrate compounds (water dissociable; reportable only when in aqueous solution)Nitrate compounds (water dissociable; reportable only when in aqueous solution)"
"N530","Nonylphenol (includes the 6 compounds below)Nonylphenol (includes the 6 compounds below)Nonylphenol (includes the 6 compounds below)Nonylphenol (includes the 6 compounds below)Nonylphenol (includes the 6 compounds below)"
"104-40-5*","4-Nonylphenol (p-Nonylphenol)4-Nonylphenol (p-Nonylphenol)4-Nonylphenol (p-Nonylphenol)4-Nonylphenol (p-Nonylphenol)4-Nonylphenol (p-Nonylphenol)"
"11066-49-2* ","Isononylphenol"
"25154-52-3*","Nonylphenol"
"26543-97-5*","4-Isononylphenol"
"84852-15-3*","4-Nonylphenol, branched (Branched p-nonylphenol)4-Nonylphenol, branched (Branched p-nonylphenol)4-Nonylphenol, branched (Branched p-nonylphenol)4-Nonylphenol, branched (Branched p-nonylphenol)"
"90481-04-2*","Nonylphenol, branched"
"N535","Nonylphenol Ethoxylates (includes the 13 compounds below)Nonylphenol Ethoxylates (includes the 13 compounds below)Nonylphenol Ethoxylates (includes the 13 compounds below)Nonylphenol Ethoxylates (includes the 13 compounds below)"
"7311-27-5* ","Ethanol, 2-[2-[2-[2-(4-nonylphenoxy)ethoxy]ethoxy]ethoxy]- "
"9016-45-9*","Poly(oxy-1,2-ethanediyl), -(nonylphenyl)--hydroxy-; (Polyethylene glycol nonylphenyl ether)Poly(oxy-1,2-ethanediyl), -(nonylphenyl)--hydroxy-; (Polyethylene glycol nonylphenyl ether)Poly(oxy-1,2-ethanediyl), -(nonylphenyl)--hydroxy-; (Polyethylene glycol nonylphenyl ether)Poly(oxy-1,2-ethanediyl), -(nonylphenyl)--hydroxy-; (Polyethylene glycol nonylphenyl ether)"
"20427-84-3*","Ethanol, 2-[2-(4-nonylphenoxy)ethoxy]-; (2-[2-(4-Nonylphenoxy)ethoxy]ethanol)"
"26027-38-3*","Poly(oxy-1,2-ethanediyl), -(4-nonylphenyl)--hydroxy-; (p-Nonylphenol polyethylene glycol ether)Poly(oxy-1,2-ethanediyl), -(4-nonylphenyl)--hydroxy-; (p-Nonylphenol polyethylene glycol ether)Poly(oxy-1,2-ethanediyl), -(4-nonylphenyl)--hydroxy-; (p-Nonylphenol polyethylene glycol ether)Poly(oxy-1,2-ethanediyl), -(4-nonylphenyl)--hydroxy-; (p-Nonylphenol polyethylene glycol ether)"
"26571-11-9*","3,6,9,12,15,18,21,24-Octaoxahexacosan-1-ol, 26-(nonylphenoxy)- "
"27176-93-8*","Ethanol, 2-[2-(nonylphenoxy)ethoxy]-; (Diethylene glycol nonylphenol ether) "
"27177-05-5*","3,6,9,12,15,18,21-Heptaoxatricosan-1-ol, 23-(nonylphenoxy)- "
"27177-08-8*","3,6,9,12,15,18,21,24,27-Nonaoxanonacosan-1-ol, 29-(nonylphenoxy)- "
"27986-36-3*","Ethanol, 2-(nonylphenoxy)-; (2-(Nonylphenoxy)ethanol) "
"37205-87-1*","Poly(oxy-1,2-ethanediyl), α-(isononylphenyl)--hydroxy- Poly(oxy-1,2-ethanediyl), α-(isononylphenyl)--hydroxy- Poly(oxy-1,2-ethanediyl), α-(isononylphenyl)--hydroxy- Poly(oxy-1,2-ethanediyl), α-(isononylphenyl)--hydroxy- "
"51938-25-1*","Poly(oxy-1,2-ethanediyl), α (2-nonylphenyl)--hydroxy- Poly(oxy-1,2-ethanediyl), α (2-nonylphenyl)--hydroxy- Poly(oxy-1,2-ethanediyl), α (2-nonylphenyl)--hydroxy- "
"68412-54-4*","Poly(oxy-1,2-ethanediyl), α-(nonylphenyl)--hydroxy-, branched;  (Polyethylene glycol mono(branched nonylphenyl) ether) Poly(oxy-1,2-ethanediyl), α-(nonylphenyl)--hydroxy-, branched;  (Polyethylene glycol mono(branched nonylphenyl) ether) Poly(oxy-1,2-ethanediyl), α-(nonylphenyl)--hydroxy-, branched;  (Polyethylene glycol mono(branched nonylphenyl) ether) "
"127087-87-0*","Poly(oxy-1,2-ethanediyl), α-(4-nonylphenyl)--hydroxy-, branched; (Polyethylene glycol mono(branched p-nonylphenyl) ether) Poly(oxy-1,2-ethanediyl), α-(4-nonylphenyl)--hydroxy-, branched; (Polyethylene glycol mono(branched p-nonylphenyl) ether) Poly(oxy-1,2-ethanediyl), α-(4-nonylphenyl)--hydroxy-, branched; (Polyethylene glycol mono(branched p-nonylphenyl) ether) "
"N575","Polybrominated biphenyls (PBBs)"
"N583","Polychlorinated alkanes (C10-C13)"
"N590","Polycyclic aromatic compounds (includes the 25 compounds below)Polycyclic aromatic compounds (includes the 25 compounds below)Polycyclic aromatic compounds (includes the 25 compounds below)"
"56-55-3*","Benz[a]anthracene"
"218-01-9*","Benzo[a]phenanthrene (Chrysene)"
"50-32-8*","Benzo[a]pyrene"
"205-99-2*   ","Benzo[b]fluoranthene"
"205-82-3*","Benzo[j]fluoranthene"
"207-08-9*","Benzo[k]fluoranthene"
"206-44-0*","Benzo[j,k]fluorene (Fluoranthene)"
"189-55-9*","Benzo[r,s,t]pentaphene (Dibenzo[a,i]pyrene)"
"226-36-8*","Dibenz[a,h]acridine"
"224-42-0*","Dibenz[a,j]acridine"
"53-70-3* ","Dibenzo[a,h]anthracene (Dibenz[a,h]anthracene)"
"5385-75-1*","Dibenzo[a,e]fluoranthene"
"192-65-4*","Dibenzo[a,e]pyrene"
"189-64-0*","Dibenzo[a,h]pyrene"
"191-30-0*","Dibenzo[a,l]pyrene"
"194-59-2*","7H-Dibenzo[c,g]carbazole"
"57-97-6*","7,12-Dimethylbenz[a]anthracene"
"42397-64-8*","1,6-Dinitropyrene"
"42397-65-9*","1,8-Dinitropyrene"
"193-39-5*","Indeno[1,2,3-cd]pyrene"
"56-49-5*","3-Methylcholanthrene"
"3697-24-3*","5-Methylchrysene"
"7496-02-8*","6-Nitrochrysene"
"5522-43-0*","1-Nitropyrene"
"57835-92-4*","4-Nitropyrene"
"N725","Selenium compounds"
"N740","Silver compounds"
"N746","Strychnine and salts"
"N760","Thallium compounds"
"N770","Vanadium compounds"
"N874","Warfarin and salts"
"N982","Zinc compounds"
"68391-08-2","Alcohols, C8-14, γ-ω-perfluoro"
"97659-47-7","Alkenes, C8-14 α-, δ-ω-perfluoro"
"68188-12-5","Alkyl iodides, C4-20, γ-ω-perfluoro"
"3825-26-1","Ammonium perfluorooctanoate"
"68515-62-8","1,4-Benzenedicarboxylic acid, dimethyl ester, reaction products with bis(2-hydroxyethyl)terephthalate, ethylene glycol, α-fluoro-ω-(2- hydroxyethyl)poly(difluoromethylene), hexakis(methoxymethyl)melamine and polyethylene glycol"
"68187-25-7","Butanoic acid, 4-[[3-(dimethylamino)propyl]amino]-4-oxo-, 2(or 3)-[(γ-ω-perfluoro-C6-20-alkyl)thio] derivs."
"383-07-3","2-[Butyl[(heptadecafluorooctyl)sulfonyl]amino]ethyl acrylate"
"68141-02-6","Chromium(III) perfluorooctanoate"
"67584-42-3","Cyclohexanesulfonic acid, decafluoro(pentafluoroethyl)-, potassium salt"
"68156-07-0","Cyclohexanesulfonic acid, decafluoro(trifluoromethyl)-, potassium salt"
" 68156-01-4","Cyclohexanesulfonic acid, nonafluorobis(trifluoromethyl)-, potassium salt"
"3107-18-4","Cyclohexanesulfonic acid, undecafluoro-, potassium salt"
"2043-53-0","Decane, 1,1,1,2,2,3,3,4,4,5,5,6,6,7,7,8,8-heptadecafluoro-10-iodo-"
"67906-42-7","1-Decanesulfonic acid, 1,1,2,2,3,3,4,4,5,5,6,6,7,7,8,8,9,9,10,10,10-heneicosafluoro-, ammonium salt"
"27619-90-5","1-Decanesulfonyl chloride, 3,3,4,4,5,5,6,6,7,7,8,8,9,9,10,10,10-heptadecafluoro-"
"678-39-7","1-Decanol, 3,3,4,4,5,5,6,6,7,7,8,8,9,9,10,10,10-heptadecafluoro-"
"118400-71-8","Disulfides, bis(γ-ω-perfluoro-C6-20-alkyl)"
"2043-54-1","Dodecane, 1,1,1,2,2,3,3,4,4,5,5,6,6,7,7,8,8,9,9,10,10-heneicosafluoro-12-iodo-"
"27619-91-6","1-Dodecanesulfonyl chloride, 3,3,4,4,5,5,6,6,7,7,8,8,9,9,10,10,11,11,12,12,12-heneicosafluoro-"
"865-86-1","1-Dodecanol, 3,3,4,4,5,5,6,6,7,7,8,8,9,9,10,10,11,11,12,12,12-heneicosafluoro-"
"65104-65-6","1-Eicosanol, 3,3,4,4,5,5,6,6,7,7,8,8,9,9,10,10,11,11,12,12,13,13,14,14,15,15,16,16,17,17,18,18,19,19,20,20,20-heptatriacontafluoro-"
"65636-35-3","Ethanaminium, N,N-diethyl-N-methyl-2-[(2-methyl-1-oxo-2-propenyl)oxy]-, methyl sulfate, polymer with 2-ethylhexyl 2-methyl-2-propenoate, α-fluoro-ω-[2-[(2-methyl-1-oxo-2-propenyl)oxy]ethyl]poly(difluoromethylene), 2-hydroxyethyl 2-methyl-2-propenoate and N-(hydroxymethyl)-2-propenamideEthanaminium, N,N-diethyl-N-methyl-2-[(2-methyl-1-oxo-2-propenyl)oxy]-, methyl sulfate, polymer with 2-ethylhexyl 2-methyl-2-propenoate, α-fluoro-ω-[2-[(2-methyl-1-oxo-2-propenyl)oxy]ethyl]poly(difluoromethylene), 2-hydroxyethyl 2-methyl-2-propenoate and N-(hydroxymethyl)-2-propenamideEthanaminium, N,N-diethyl-N-methyl-2-[(2-methyl-1-oxo-2-propenyl)oxy]-, methyl sulfate, polymer with 2-ethylhexyl 2-methyl-2-propenoate, α-fluoro-ω-[2-[(2-methyl-1-oxo-2-propenyl)oxy]ethyl]poly(difluoromethylene), 2-hydroxyethyl 2-methyl-2-propenoate and N-(hydroxymethyl)-2-propenamideEthanaminium, N,N-diethyl-N-methyl-2-[(2-methyl-1-oxo-2-propenyl)oxy]-, methyl sulfate, polymer with 2-ethylhexyl 2-methyl-2-propenoate, α-fluoro-ω-[2-[(2-methyl-1-oxo-2-propenyl)oxy]ethyl]poly(difluoromethylene), 2-hydroxyethyl 2-methyl-2-propenoate and N-(hydroxymethyl)-2-propenamideEthanaminium, N,N-diethyl-N-methyl-2-[(2-methyl-1-oxo-2-propenyl)oxy]-, methyl sulfate, polymer with 2-ethylhexyl 2-methyl-2-propenoate, α-fluoro-ω-[2-[(2-methyl-1-oxo-2-propenyl)oxy]ethyl]poly(difluoromethylene), 2-hydroxyethyl 2-methyl-2-propenoate and N-(hydroxymethyl)-2-propenamideEthanaminium, N,N-diethyl-N-methyl-2-[(2-methyl-1-oxo-2-propenyl)oxy]-, methyl sulfate, polymer with 2-ethylhexyl 2-methyl-2-propenoate, α-fluoro-ω-[2-[(2-methyl-1-oxo-2-propenyl)oxy]ethyl]poly(difluoromethylene), 2-hydroxyethyl 2-methyl-2-propenoate and N-(hydroxymethyl)-2-propenamideEthanaminium, N,N-diethyl-N-methyl-2-[(2-methyl-1-oxo-2-propenyl)oxy]-, methyl sulfate, polymer with 2-ethylhexyl 2-methyl-2-propenoate, α-fluoro-ω-[2-[(2-methyl-1-oxo-2-propenyl)oxy]ethyl]poly(difluoromethylene), 2-hydroxyethyl 2-methyl-2-propenoate and N-(hydroxymethyl)-2-propenamideEthanaminium, N,N-diethyl-N-methyl-2-[(2-methyl-1-oxo-2-propenyl)oxy]-, methyl sulfate, polymer with 2-ethylhexyl 2-methyl-2-propenoate, α-fluoro-ω-[2-[(2-methyl-1-oxo-2-propenyl)oxy]ethyl]poly(difluoromethylene), 2-hydroxyethyl 2-methyl-2-propenoate and N-(hydroxymethyl)-2-propenamideEthanaminium, N,N-diethyl-N-methyl-2-[(2-methyl-1-oxo-2-propenyl)oxy]-, methyl sulfate, polymer with 2-ethylhexyl 2-methyl-2-propenoate, α-fluoro-ω-[2-[(2-methyl-1-oxo-2-propenyl)oxy]ethyl]poly(difluoromethylene), 2-hydroxyethyl 2-methyl-2-propenoate and N-(hydroxymethyl)-2-propenamideEthanaminium, N,N-diethyl-N-methyl-2-[(2-methyl-1-oxo-2-propenyl)oxy]-, methyl sulfate, polymer with 2-ethylhexyl 2-methyl-2-propenoate, α-fluoro-ω-[2-[(2-methyl-1-oxo-2-propenyl)oxy]ethyl]poly(difluoromethylene), 2-hydroxyethyl 2-methyl-2-propenoate and N-(hydroxymethyl)-2-propenamide"
"56773-42-3","Ethanaminium, N,N,N-triethyl-, salt with 1,1,2,2,3,3,4,4,5,5,6,6,7,7,8,8,8-heptadecafluoro-1-octanesulfonic acid (1:1)Ethanaminium, N,N,N-triethyl-, salt with 1,1,2,2,3,3,4,4,5,5,6,6,7,7,8,8,8-heptadecafluoro-1-octanesulfonic acid (1:1)Ethanaminium, N,N,N-triethyl-, salt with 1,1,2,2,3,3,4,4,5,5,6,6,7,7,8,8,8-heptadecafluoro-1-octanesulfonic acid (1:1)Ethanaminium, N,N,N-triethyl-, salt with 1,1,2,2,3,3,4,4,5,5,6,6,7,7,8,8,8-heptadecafluoro-1-octanesulfonic acid (1:1)Ethanaminium, N,N,N-triethyl-, salt with 1,1,2,2,3,3,4,4,5,5,6,6,7,7,8,8,8-heptadecafluoro-1-octanesulfonic acid (1:1)Ethanaminium, N,N,N-triethyl-, salt with 1,1,2,2,3,3,4,4,5,5,6,6,7,7,8,8,8-heptadecafluoro-1-octanesulfonic acid (1:1)Ethanaminium, N,N,N-triethyl-, salt with 1,1,2,2,3,3,4,4,5,5,6,6,7,7,8,8,8-heptadecafluoro-1-octanesulfonic acid (1:1)Ethanaminium, N,N,N-triethyl-, salt with 1,1,2,2,3,3,4,4,5,5,6,6,7,7,8,8,8-heptadecafluoro-1-octanesulfonic acid (1:1)Ethanaminium, N,N,N-triethyl-, salt with 1,1,2,2,3,3,4,4,5,5,6,6,7,7,8,8,8-heptadecafluoro-1-octanesulfonic acid (1:1)Ethanaminium, N,N,N-triethyl-, salt with 1,1,2,2,3,3,4,4,5,5,6,6,7,7,8,8,8-heptadecafluoro-1-octanesulfonic acid (1:1)"
"182176-52-9","Ethaneperoxoic acid, reaction products with 3,3,4,4,5,5,6,6,7,7,8,8,9,9,10,10,10-heptadecafluorodecyl thiocyanate and 3,3,4,4,5,5,6,6,7,7,8,8,8-tridecafluorooctyl thiocyanate"
"65530-74-7","Ethanol, 2,2'-iminobis-, compd. with α-fluoro-ω-[2-(phosphonooxy)ethyl]poly(difluoromethylene) (1:1)"
"65530-63-4","Ethanol, 2,2'-iminobis-, compd. with α-fluoro-ω-[2-(phosphonooxy)ethyl]poly(difluoromethylene) (2:1)"
"65530-64-5","Ethanol, 2,2'-iminobis-, compd. with α,α'-[phosphinicobis(oxy-2,1-ethanediyl)]bis[ω-fluoropoly(difluoromethylene)] (1:1)"
"1691-99-2","N-Ethyl-N-(2-hydroxyethyl)perfluorooctanesulfonamideN-Ethyl-N-(2-hydroxyethyl)perfluorooctanesulfonamideN-Ethyl-N-(2-hydroxyethyl)perfluorooctanesulfonamideN-Ethyl-N-(2-hydroxyethyl)perfluorooctanesulfonamideN-Ethyl-N-(2-hydroxyethyl)perfluorooctanesulfonamideN-Ethyl-N-(2-hydroxyethyl)perfluorooctanesulfonamideN-Ethyl-N-(2-hydroxyethyl)perfluorooctanesulfonamideN-Ethyl-N-(2-hydroxyethyl)perfluorooctanesulfonamideN-Ethyl-N-(2-hydroxyethyl)perfluorooctanesulfonamideN-Ethyl-N-(2-hydroxyethyl)perfluorooctanesulfonamide"
"423-82-5","2-[Ethyl[(heptadecafluorooctyl)sulfonyl]amino]ethyl acrylate"
"376-14-7","2-[Ethyl[(heptadecafluorooctyl)sulfonyl]amino]ethyl methacrylate"
"72623-77-9","Fatty acids, C6-18, perfluoro, ammonium salts"
"72968-38-8","Fatty acids, C7-13, perfluoro, ammonium salts"
"178535-23-4","Fatty acids, linseed-oil, γ-ω-perfluoro-C8-14-alkyl esters"
"2991-51-7","Glycine, N-ethyl-N-[(heptadecafluorooctyl)sulfonyl]-, potassium saltGlycine, N-ethyl-N-[(heptadecafluorooctyl)sulfonyl]-, potassium saltGlycine, N-ethyl-N-[(heptadecafluorooctyl)sulfonyl]-, potassium saltGlycine, N-ethyl-N-[(heptadecafluorooctyl)sulfonyl]-, potassium saltGlycine, N-ethyl-N-[(heptadecafluorooctyl)sulfonyl]-, potassium saltGlycine, N-ethyl-N-[(heptadecafluorooctyl)sulfonyl]-, potassium saltGlycine, N-ethyl-N-[(heptadecafluorooctyl)sulfonyl]-, potassium saltGlycine, N-ethyl-N-[(heptadecafluorooctyl)sulfonyl]-, potassium saltGlycine, N-ethyl-N-[(heptadecafluorooctyl)sulfonyl]-, potassium salt"
"55910-10-6","Glycine, N-[(heptadecafluorooctyl)sulfonyl]-N-propyl-, potassium saltGlycine, N-[(heptadecafluorooctyl)sulfonyl]-N-propyl-, potassium saltGlycine, N-[(heptadecafluorooctyl)sulfonyl]-N-propyl-, potassium saltGlycine, N-[(heptadecafluorooctyl)sulfonyl]-N-propyl-, potassium saltGlycine, N-[(heptadecafluorooctyl)sulfonyl]-N-propyl-, potassium saltGlycine, N-[(heptadecafluorooctyl)sulfonyl]-N-propyl-, potassium saltGlycine, N-[(heptadecafluorooctyl)sulfonyl]-N-propyl-, potassium saltGlycine, N-[(heptadecafluorooctyl)sulfonyl]-N-propyl-, potassium saltGlycine, N-[(heptadecafluorooctyl)sulfonyl]-N-propyl-, potassium salt"
"67584-62-7","Glycine, N-ethyl-N-[(pentadecafluoroheptyl)sulfonyl]-, potassium saltGlycine, N-ethyl-N-[(pentadecafluoroheptyl)sulfonyl]-, potassium saltGlycine, N-ethyl-N-[(pentadecafluoroheptyl)sulfonyl]-, potassium saltGlycine, N-ethyl-N-[(pentadecafluoroheptyl)sulfonyl]-, potassium saltGlycine, N-ethyl-N-[(pentadecafluoroheptyl)sulfonyl]-, potassium saltGlycine, N-ethyl-N-[(pentadecafluoroheptyl)sulfonyl]-, potassium saltGlycine, N-ethyl-N-[(pentadecafluoroheptyl)sulfonyl]-, potassium saltGlycine, N-ethyl-N-[(pentadecafluoroheptyl)sulfonyl]-, potassium saltGlycine, N-ethyl-N-[(pentadecafluoroheptyl)sulfonyl]-, potassium salt"
"67584-53-6","Glycine, N-ethyl-N-[(tridecafluorohexyl)sulfonyl]-, potassium saltGlycine, N-ethyl-N-[(tridecafluorohexyl)sulfonyl]-, potassium saltGlycine, N-ethyl-N-[(tridecafluorohexyl)sulfonyl]-, potassium saltGlycine, N-ethyl-N-[(tridecafluorohexyl)sulfonyl]-, potassium saltGlycine, N-ethyl-N-[(tridecafluorohexyl)sulfonyl]-, potassium saltGlycine, N-ethyl-N-[(tridecafluorohexyl)sulfonyl]-, potassium saltGlycine, N-ethyl-N-[(tridecafluorohexyl)sulfonyl]-, potassium saltGlycine, N-ethyl-N-[(tridecafluorohexyl)sulfonyl]-, potassium saltGlycine, N-ethyl-N-[(tridecafluorohexyl)sulfonyl]-, potassium salt"
"67584-52-5","Glycine, N-ethyl-N-[(undecafluoropentyl)sulfonyl]-, potassium saltGlycine, N-ethyl-N-[(undecafluoropentyl)sulfonyl]-, potassium saltGlycine, N-ethyl-N-[(undecafluoropentyl)sulfonyl]-, potassium saltGlycine, N-ethyl-N-[(undecafluoropentyl)sulfonyl]-, potassium saltGlycine, N-ethyl-N-[(undecafluoropentyl)sulfonyl]-, potassium saltGlycine, N-ethyl-N-[(undecafluoropentyl)sulfonyl]-, potassium saltGlycine, N-ethyl-N-[(undecafluoropentyl)sulfonyl]-, potassium saltGlycine, N-ethyl-N-[(undecafluoropentyl)sulfonyl]-, potassium saltGlycine, N-ethyl-N-[(undecafluoropentyl)sulfonyl]-, potassium salt"
"1652-63-7","3-[[(Heptadecafluorooctyl)sulfonyl]amino]-N,N,N-trimethyl-1-propanaminium iodide3-[[(Heptadecafluorooctyl)sulfonyl]amino]-N,N,N-trimethyl-1-propanaminium iodide3-[[(Heptadecafluorooctyl)sulfonyl]amino]-N,N,N-trimethyl-1-propanaminium iodide3-[[(Heptadecafluorooctyl)sulfonyl]amino]-N,N,N-trimethyl-1-propanaminium iodide3-[[(Heptadecafluorooctyl)sulfonyl]amino]-N,N,N-trimethyl-1-propanaminium iodide3-[[(Heptadecafluorooctyl)sulfonyl]amino]-N,N,N-trimethyl-1-propanaminium iodide3-[[(Heptadecafluorooctyl)sulfonyl]amino]-N,N,N-trimethyl-1-propanaminium iodide3-[[(Heptadecafluorooctyl)sulfonyl]amino]-N,N,N-trimethyl-1-propanaminium iodide3-[[(Heptadecafluorooctyl)sulfonyl]amino]-N,N,N-trimethyl-1-propanaminium iodide"
"25268-77-3","2-[[(Heptadecafluorooctyl)sulfonyl]methylamino]ethyl acrylate"
"68555-76-0","1-Heptanesulfonamide, 1,1,2,2,3,3,4,4,5,5,6,6,7,7,7-pentadecafluoro-N-(2-hydroxyethyl)-N-methyl-1-Heptanesulfonamide, 1,1,2,2,3,3,4,4,5,5,6,6,7,7,7-pentadecafluoro-N-(2-hydroxyethyl)-N-methyl-1-Heptanesulfonamide, 1,1,2,2,3,3,4,4,5,5,6,6,7,7,7-pentadecafluoro-N-(2-hydroxyethyl)-N-methyl-1-Heptanesulfonamide, 1,1,2,2,3,3,4,4,5,5,6,6,7,7,7-pentadecafluoro-N-(2-hydroxyethyl)-N-methyl-1-Heptanesulfonamide, 1,1,2,2,3,3,4,4,5,5,6,6,7,7,7-pentadecafluoro-N-(2-hydroxyethyl)-N-methyl-1-Heptanesulfonamide, 1,1,2,2,3,3,4,4,5,5,6,6,7,7,7-pentadecafluoro-N-(2-hydroxyethyl)-N-methyl-1-Heptanesulfonamide, 1,1,2,2,3,3,4,4,5,5,6,6,7,7,7-pentadecafluoro-N-(2-hydroxyethyl)-N-methyl-1-Heptanesulfonamide, 1,1,2,2,3,3,4,4,5,5,6,6,7,7,7-pentadecafluoro-N-(2-hydroxyethyl)-N-methyl-1-Heptanesulfonamide, 1,1,2,2,3,3,4,4,5,5,6,6,7,7,7-pentadecafluoro-N-(2-hydroxyethyl)-N-methyl-"
"68957-62-0","1-Heptanesulfonamide, N-ethyl-1,1,2,2,3,3,4,4,5,5,6,6,7,7,7-pentadecafluoro-1-Heptanesulfonamide, N-ethyl-1,1,2,2,3,3,4,4,5,5,6,6,7,7,7-pentadecafluoro-1-Heptanesulfonamide, N-ethyl-1,1,2,2,3,3,4,4,5,5,6,6,7,7,7-pentadecafluoro-1-Heptanesulfonamide, N-ethyl-1,1,2,2,3,3,4,4,5,5,6,6,7,7,7-pentadecafluoro-1-Heptanesulfonamide, N-ethyl-1,1,2,2,3,3,4,4,5,5,6,6,7,7,7-pentadecafluoro-1-Heptanesulfonamide, N-ethyl-1,1,2,2,3,3,4,4,5,5,6,6,7,7,7-pentadecafluoro-1-Heptanesulfonamide, N-ethyl-1,1,2,2,3,3,4,4,5,5,6,6,7,7,7-pentadecafluoro-1-Heptanesulfonamide, N-ethyl-1,1,2,2,3,3,4,4,5,5,6,6,7,7,7-pentadecafluoro-1-Heptanesulfonamide, N-ethyl-1,1,2,2,3,3,4,4,5,5,6,6,7,7,7-pentadecafluoro-"
"68259-07-4","1-Heptanesulfonic acid, 1,1,2,2,3,3,4,4,5,5,6,6,7,7,7-pentadecafluoro-, ammonium salt"
"70225-15-9","1-Heptanesulfonic acid, 1,1,2,2,3,3,4,4,5,5,6,6,7,7,7-pentadecafluoro-, compd. with 2,2'-iminobis[ethanol] (1:1)"
"60270-55-5","1-Heptanesulfonic acid, 1,1,2,2,3,3,4,4,5,5,6,6,7,7,7-pentadecafluoro-, potassium salt"
"335-71-7","1-Heptanesulfonyl fluoride, 1,1,2,2,3,3,4,4,5,5,6,6,7,7,7-pentadecafluoro-"
"65510-55-6","Hexadecane, 1,1,1,2,2,3,3,4,4,5,5,6,6,7,7,8,8,9,9,10,10,11,11,12,12,13,13,14,14-nonacosafluoro-16-iodo-"
"60699-51-6","1-Hexadecanol, 3,3,4,4,5,5,6,6,7,7,8,8,9,9,10,10,11,11,12,12,13,13,14,14,15,15,16,16,16-nonacosafluoro-"
"13252-13-6","Hexafluoropropylene oxide dimer acid"
"62037-80-3","Hexafluoropropylene oxide dimer acid ammonium salt"
"135228-60-3","Hexane, 1,6-diisocyanato-, homopolymer, γ-ω-perfluoro-C6-20-alc.-blocked"
"68555-75-9","1-Hexanesulfonamide, 1,1,2,2,3,3,4,4,5,5,6,6,6-tridecafluoro-N-(2-hydroxyethyl)-N-methyl-1-Hexanesulfonamide, 1,1,2,2,3,3,4,4,5,5,6,6,6-tridecafluoro-N-(2-hydroxyethyl)-N-methyl-1-Hexanesulfonamide, 1,1,2,2,3,3,4,4,5,5,6,6,6-tridecafluoro-N-(2-hydroxyethyl)-N-methyl-1-Hexanesulfonamide, 1,1,2,2,3,3,4,4,5,5,6,6,6-tridecafluoro-N-(2-hydroxyethyl)-N-methyl-1-Hexanesulfonamide, 1,1,2,2,3,3,4,4,5,5,6,6,6-tridecafluoro-N-(2-hydroxyethyl)-N-methyl-1-Hexanesulfonamide, 1,1,2,2,3,3,4,4,5,5,6,6,6-tridecafluoro-N-(2-hydroxyethyl)-N-methyl-1-Hexanesulfonamide, 1,1,2,2,3,3,4,4,5,5,6,6,6-tridecafluoro-N-(2-hydroxyethyl)-N-methyl-1-Hexanesulfonamide, 1,1,2,2,3,3,4,4,5,5,6,6,6-tridecafluoro-N-(2-hydroxyethyl)-N-methyl-"
"68259-08-5","1-Hexanesulfonic acid, 1,1,2,2,3,3,4,4,5,5,6,6,6-tridecafluoro-, ammonium salt"
"3871-99-6","1-Hexanesulfonic acid, 1,1,2,2,3,3,4,4,5,5,6,6,6-tridecafluoro-, potassium salt"
"70225-16-0","1-Hexanesulfonic acid, 1,1,2,2,3,3,4,4,5,5,6,6,6-tridecafluoro-, compd. with 2,2'-iminobis[ethanol] (1:1)"
"29457-72-5","Lithium (perfluorooctane)sulfonate"
"376-27-2","Methyl perfluorooctanoate"
"17202-41-4","1-Nonanesulfonic acid, 1,1,2,2,3,3,4,4,5,5,6,6,7,7,8,8,9,9,9-nonadecafluoro-, ammonium salt"
"16517-11-6","Octadecanoic acid, pentatriacontafluoro-"
"65104-67-8","1-Octadecanol, 3,3,4,4,5,5,6,6,7,7,8,8,9,9,10,10,11,11,12,12,13,13,14,14,15,15,16,16,17,17,18,18,18-tritriacontafluoro-"
"31506-32-8","1-Octanesulfonamide, 1,1,2,2,3,3,4,4,5,5,6,6,7,7,8,8,8-heptadecafluoro-N-methyl-1-Octanesulfonamide, 1,1,2,2,3,3,4,4,5,5,6,6,7,7,8,8,8-heptadecafluoro-N-methyl-1-Octanesulfonamide, 1,1,2,2,3,3,4,4,5,5,6,6,7,7,8,8,8-heptadecafluoro-N-methyl-1-Octanesulfonamide, 1,1,2,2,3,3,4,4,5,5,6,6,7,7,8,8,8-heptadecafluoro-N-methyl-1-Octanesulfonamide, 1,1,2,2,3,3,4,4,5,5,6,6,7,7,8,8,8-heptadecafluoro-N-methyl-1-Octanesulfonamide, 1,1,2,2,3,3,4,4,5,5,6,6,7,7,8,8,8-heptadecafluoro-N-methyl-1-Octanesulfonamide, 1,1,2,2,3,3,4,4,5,5,6,6,7,7,8,8,8-heptadecafluoro-N-methyl-1-Octanesulfonamide, 1,1,2,2,3,3,4,4,5,5,6,6,7,7,8,8,8-heptadecafluoro-N-methyl-"
"24448-09-7","1-Octanesulfonamide, 1,1,2,2,3,3,4,4,5,5,6,6,7,7,8,8,8-heptadecafluoro-N-(2-hydroxyethyl)-N-methyl-1-Octanesulfonamide, 1,1,2,2,3,3,4,4,5,5,6,6,7,7,8,8,8-heptadecafluoro-N-(2-hydroxyethyl)-N-methyl-1-Octanesulfonamide, 1,1,2,2,3,3,4,4,5,5,6,6,7,7,8,8,8-heptadecafluoro-N-(2-hydroxyethyl)-N-methyl-1-Octanesulfonamide, 1,1,2,2,3,3,4,4,5,5,6,6,7,7,8,8,8-heptadecafluoro-N-(2-hydroxyethyl)-N-methyl-1-Octanesulfonamide, 1,1,2,2,3,3,4,4,5,5,6,6,7,7,8,8,8-heptadecafluoro-N-(2-hydroxyethyl)-N-methyl-1-Octanesulfonamide, 1,1,2,2,3,3,4,4,5,5,6,6,7,7,8,8,8-heptadecafluoro-N-(2-hydroxyethyl)-N-methyl-1-Octanesulfonamide, 1,1,2,2,3,3,4,4,5,5,6,6,7,7,8,8,8-heptadecafluoro-N-(2-hydroxyethyl)-N-methyl-1-Octanesulfonamide, 1,1,2,2,3,3,4,4,5,5,6,6,7,7,8,8,8-heptadecafluoro-N-(2-hydroxyethyl)-N-methyl-"
"2263-09-4","1-Octanesulfonamide, N-butyl-1,1,2,2,3,3,4,4,5,5,6,6,7,7,8,8,8-heptadecafluoro-N-(2-hydroxyethyl)-1-Octanesulfonamide, N-butyl-1,1,2,2,3,3,4,4,5,5,6,6,7,7,8,8,8-heptadecafluoro-N-(2-hydroxyethyl)-1-Octanesulfonamide, N-butyl-1,1,2,2,3,3,4,4,5,5,6,6,7,7,8,8,8-heptadecafluoro-N-(2-hydroxyethyl)-1-Octanesulfonamide, N-butyl-1,1,2,2,3,3,4,4,5,5,6,6,7,7,8,8,8-heptadecafluoro-N-(2-hydroxyethyl)-1-Octanesulfonamide, N-butyl-1,1,2,2,3,3,4,4,5,5,6,6,7,7,8,8,8-heptadecafluoro-N-(2-hydroxyethyl)-1-Octanesulfonamide, N-butyl-1,1,2,2,3,3,4,4,5,5,6,6,7,7,8,8,8-heptadecafluoro-N-(2-hydroxyethyl)-1-Octanesulfonamide, N-butyl-1,1,2,2,3,3,4,4,5,5,6,6,7,7,8,8,8-heptadecafluoro-N-(2-hydroxyethyl)-1-Octanesulfonamide, N-butyl-1,1,2,2,3,3,4,4,5,5,6,6,7,7,8,8,8-heptadecafluoro-N-(2-hydroxyethyl)-"
"61660-12-6","1-Octanesulfonamide, N-ethyl-1,1,2,2,3,3,4,4,5,5,6,6,7,7,8,8,8-heptadecafluoro-N-[3-(trimethoxysilyl)propyl]-1-Octanesulfonamide, N-ethyl-1,1,2,2,3,3,4,4,5,5,6,6,7,7,8,8,8-heptadecafluoro-N-[3-(trimethoxysilyl)propyl]-1-Octanesulfonamide, N-ethyl-1,1,2,2,3,3,4,4,5,5,6,6,7,7,8,8,8-heptadecafluoro-N-[3-(trimethoxysilyl)propyl]-1-Octanesulfonamide, N-ethyl-1,1,2,2,3,3,4,4,5,5,6,6,7,7,8,8,8-heptadecafluoro-N-[3-(trimethoxysilyl)propyl]-1-Octanesulfonamide, N-ethyl-1,1,2,2,3,3,4,4,5,5,6,6,7,7,8,8,8-heptadecafluoro-N-[3-(trimethoxysilyl)propyl]-1-Octanesulfonamide, N-ethyl-1,1,2,2,3,3,4,4,5,5,6,6,7,7,8,8,8-heptadecafluoro-N-[3-(trimethoxysilyl)propyl]-1-Octanesulfonamide, N-ethyl-1,1,2,2,3,3,4,4,5,5,6,6,7,7,8,8,8-heptadecafluoro-N-[3-(trimethoxysilyl)propyl]-"
"178094-69-4","1-Octanesulfonamide, N-[3-(dimethyloxidoamino)propyl]-1,1,2,2,3,3,4,4,5,5,6,6,7,7,8,8,8-heptadecafluoro-, potassium salt1-Octanesulfonamide, N-[3-(dimethyloxidoamino)propyl]-1,1,2,2,3,3,4,4,5,5,6,6,7,7,8,8,8-heptadecafluoro-, potassium salt1-Octanesulfonamide, N-[3-(dimethyloxidoamino)propyl]-1,1,2,2,3,3,4,4,5,5,6,6,7,7,8,8,8-heptadecafluoro-, potassium salt1-Octanesulfonamide, N-[3-(dimethyloxidoamino)propyl]-1,1,2,2,3,3,4,4,5,5,6,6,7,7,8,8,8-heptadecafluoro-, potassium salt1-Octanesulfonamide, N-[3-(dimethyloxidoamino)propyl]-1,1,2,2,3,3,4,4,5,5,6,6,7,7,8,8,8-heptadecafluoro-, potassium salt1-Octanesulfonamide, N-[3-(dimethyloxidoamino)propyl]-1,1,2,2,3,3,4,4,5,5,6,6,7,7,8,8,8-heptadecafluoro-, potassium salt1-Octanesulfonamide, N-[3-(dimethyloxidoamino)propyl]-1,1,2,2,3,3,4,4,5,5,6,6,7,7,8,8,8-heptadecafluoro-, potassium salt"
"67969-69-1","1-Octanesulfonamide, N-ethyl-1,1,2,2,3,3,4,4,5,5,6,6,7,7,8,8,8-heptadecafluoro-N-[2-(phosphonooxy)ethyl]-, diammonium salt1-Octanesulfonamide, N-ethyl-1,1,2,2,3,3,4,4,5,5,6,6,7,7,8,8,8-heptadecafluoro-N-[2-(phosphonooxy)ethyl]-, diammonium salt1-Octanesulfonamide, N-ethyl-1,1,2,2,3,3,4,4,5,5,6,6,7,7,8,8,8-heptadecafluoro-N-[2-(phosphonooxy)ethyl]-, diammonium salt1-Octanesulfonamide, N-ethyl-1,1,2,2,3,3,4,4,5,5,6,6,7,7,8,8,8-heptadecafluoro-N-[2-(phosphonooxy)ethyl]-, diammonium salt1-Octanesulfonamide, N-ethyl-1,1,2,2,3,3,4,4,5,5,6,6,7,7,8,8,8-heptadecafluoro-N-[2-(phosphonooxy)ethyl]-, diammonium salt1-Octanesulfonamide, N-ethyl-1,1,2,2,3,3,4,4,5,5,6,6,7,7,8,8,8-heptadecafluoro-N-[2-(phosphonooxy)ethyl]-, diammonium salt1-Octanesulfonamide, N-ethyl-1,1,2,2,3,3,4,4,5,5,6,6,7,7,8,8,8-heptadecafluoro-N-[2-(phosphonooxy)ethyl]-, diammonium salt"
"29081-56-9","1-Octanesulfonic acid, 1,1,2,2,3,3,4,4,5,5,6,6,7,7,8,8,8-heptadecafluoro-, ammonium salt"
"70225-14-8","1-Octanesulfonic acid, 1,1,2,2,3,3,4,4,5,5,6,6,7,7,8,8,8-heptadecafluoro-, compd. with 2,2'-iminobis[ethanol] (1:1)"
"335-66-0","Octanoyl fluoride, pentadecafluoro-"
"68555-74-8","1-Pentanesulfonamide, 1,1,2,2,3,3,4,4,5,5,5-undecafluoro-N-(2-hydroxyethyl)-N-methyl-1-Pentanesulfonamide, 1,1,2,2,3,3,4,4,5,5,5-undecafluoro-N-(2-hydroxyethyl)-N-methyl-1-Pentanesulfonamide, 1,1,2,2,3,3,4,4,5,5,5-undecafluoro-N-(2-hydroxyethyl)-N-methyl-1-Pentanesulfonamide, 1,1,2,2,3,3,4,4,5,5,5-undecafluoro-N-(2-hydroxyethyl)-N-methyl-1-Pentanesulfonamide, 1,1,2,2,3,3,4,4,5,5,5-undecafluoro-N-(2-hydroxyethyl)-N-methyl-1-Pentanesulfonamide, 1,1,2,2,3,3,4,4,5,5,5-undecafluoro-N-(2-hydroxyethyl)-N-methyl-1-Pentanesulfonamide, 1,1,2,2,3,3,4,4,5,5,5-undecafluoro-N-(2-hydroxyethyl)-N-methyl-"
"3872-25-1","1-Pentanesulfonic acid, 1,1,2,2,3,3,4,4,5,5,5-undecafluoro-, potassium salt"
"68259-09-6","1-Pentanesulfonic acid, 1,1,2,2,3,3,4,4,5,5,5-undecafluoro-, ammonium salt"
"70225-17-1","1-Pentanesulfonic acid, 1,1,2,2,3,3,4,4,5,5,5-undecafluoro-, compd. with 2,2'-iminobis[ethanol] (1:1)"
"71608-60-1","Pentanoic acid, 4,4-bis[(γ-ω-perfluoro-C8-20-alkyl)thio] derivs."
"335-76-2","Perfluorodecanoic acid"
"307-55-1","Perfluorododecanoic acid"
"355-46-4","Perfluorohexanesulfonic acid"
"375-95-1","Perfluorononanoic acid"
"1763-23-1","Perfluorooctane sulfonic acid"
"335-67-1","Perfluorooctanoic acid"
"21652-58-4","Perfluorooctyl Ethylene"
"307-35-7","Perfluorooctylsulfonyl fluoride"
"67905-19-5","Perfluoropalmitic acid"
"376-06-7","Perfluorotetradecanoic acid"
"68412-69-1","Phosphinic acid, bis(perfluoro-C6-12-alkyl) derivs."
"68412-68-0","Phosphonic acid, perfluoro-C6-12-alkyl derivs."
"74499-44-8","Phosphoric acid, γ-ω-perfluoro-C8-16-alkyl esters, compds. with diethanolamine"
"123171-68-6","Poly(difluoromethylene), α-[2-(acetyloxy)-3-[(carboxymethyl)dimethylammonio]propyl]-ω-fluoro-, inner salt"
"65530-83-8","Poly(difluoromethylene), α-[2-[(2-carboxyethyl)thio]ethyl]-ω-fluoro-"
"65530-69-0","Poly(difluoromethylene), α-[2-[(2-carboxyethyl)thio]ethyl]-ω-fluoro-, lithium salt"
"65605-56-3","Poly(difluoromethylene), α-fluoro-ω-(2-hydroxyethyl)-, dihydrogen 2-hydroxy-1,2,3-propanetricarboxylate"
"65605-57-4","Poly(difluoromethylene), α-fluoro-ω-(2-hydroxyethyl)-, hydrogen 2-hydroxy-1,2,3-propanetricarboxylate"
"65530-59-8","Poly(difluoromethylene), α-fluoro-ω-(2-hydroxyethyl)-, 2-hydroxy-1,2,3-propanetricarboxylate (3:1)"
"65530-66-7","Poly(difluoromethylene), α-fluoro-ω-[2-[(2-methyl-1-oxo-2-propenyl)oxy]ethyl]-"
"65605-73-4","Poly(difluoromethylene), α-fluoro-ω-[2-[(1-oxo-2-propenyl)oxy]ethyl]-, homopolymer"
"65530-65-6","Poly(difluoromethylene), α-fluoro-ω-[2-[(1-oxooctadecyl)oxy]ethyl]-"
"65530-61-2","Poly(difluoromethylene), α-fluoro-ω-[2-(phosphonooxy)ethyl]-"
"95144-12-0","Poly(difluoromethylene), α-fluoro-ω-[2-(phosphonooxy)ethyl]-, ammonium salt"
"65530-72-5","Poly(difluoromethylene), α-fluoro-ω-[2-(phosphonooxy)ethyl]-, diammonium salt"
"65530-71-4","Poly(difluoromethylene), α-fluoro-ω-[2-(phosphonooxy)ethyl]-, monoammonium salt"
"80010-37-3","Poly(difluoromethylene), α-fluoro-ω-[2-sulphoethyl)-"
"65530-62-3","Poly(difluoromethylene), α,α'-[phosphinicobis(oxy-2,1-ethanediyl)]bis[ω-fluoro-"
"65530-70-3","Poly(difluoromethylene), α,α'-[phosphinicobis(oxy-2,1-ethanediyl)]bis[ω-fluoro-, ammonium salt"
"56372-23-7","Poly(oxy-1,2-ethanediyl), α-[2-[ethyl[(tridecafluorohexyl)sulfonyl]amino]ethyl]-ω-hydroxy-"
"29117-08-6","Poly(oxy-1,2-ethanediyl), α-[2-[ethyl[(heptadecafluorooctyl)sulfonyl]amino]ethyl]-ω-hydroxy-"
"68958-60-1","Poly(oxy-1,2-ethanediyl), α-[2-[ethyl[(pentadecafluoroheptyl)sulfonyl]amino]ethyl]-ω-methoxy-"
"68958-61-2","Poly(oxy-1,2-ethanediyl), α-[2-[ethyl[(heptadecafluorooctyl)sulfonyl]amino]ethyl]-ω-methoxy-"
"68298-80-6","Poly(oxy-1,2-ethanediyl), α-[2-[ethyl[(undecafluoropentyl)sulfonyl]amino]ethyl]-ω-hydroxy-"
"68298-81-7","Poly(oxy-1,2-ethanediyl), α-[2-[ethyl[(pentadecafluoroheptyl)sulfonyl]amino]ethyl]-ω-hydroxy-"
"65545-80-4","Poly(oxy-1,2-ethanediyl), α-hydro-ω-hydroxy-, ether with α-fluoro-ω-(2-hydroxyethyl)poly(difluoromethylene) (1:1)"
"70983-59-4","Poly(oxy-1,2-ethanediyl), α-methyl-ω-hydroxy-, 2-hydroxy-3-[(γ-ω-perfluoro-C6-20-alkyl)thio]propyl ethers"
"37338-48-0","Poly[oxy(methyl-1,2-ethanediyl)], α-[2-[ethyl[(heptadecafluorooctyl)sulfonyl]amino]ethyl]-ω-hydroxy-"
"68259-39-2","Poly[oxy(methyl-1,2-ethanediyl)], α-[2-[ethyl[(pentadecafluoroheptyl)sulfonyl]amino]ethyl]-ω-hydroxy-"
"68259-38-1","Poly[oxy(methyl-1,2-ethanediyl)], α-[2-[ethyl[(tridecafluorohexyl)sulfonyl]amino]ethyl]-ω-hydroxy-"
"68310-17-8","Poly[oxy(methyl-1,2-ethanediyl)], α-[2-[ethyl[(undecafluoropentyl)sulfonyl]amino]ethyl]-ω-hydroxy-"
"2795-39-3","Potassium perfluorooctanesulfonate"
"1078715-61-3","1-Propanaminium, 3-amino-N-(carboxymethyl)-N,N-dimethyl-, N-[2-[(γ-ω-perfluoro-C4-20-alkyl)thio]acetyl] derivs., inner salts1-Propanaminium, 3-amino-N-(carboxymethyl)-N,N-dimethyl-, N-[2-[(γ-ω-perfluoro-C4-20-alkyl)thio]acetyl] derivs., inner salts1-Propanaminium, 3-amino-N-(carboxymethyl)-N,N-dimethyl-, N-[2-[(γ-ω-perfluoro-C4-20-alkyl)thio]acetyl] derivs., inner salts1-Propanaminium, 3-amino-N-(carboxymethyl)-N,N-dimethyl-, N-[2-[(γ-ω-perfluoro-C4-20-alkyl)thio]acetyl] derivs., inner salts"
"38006-74-5","1-Propanaminium, 3-[[(heptadecafluorooctyl)sulfonyl]amino]-N,N,N-trimethyl-, chloride1-Propanaminium, 3-[[(heptadecafluorooctyl)sulfonyl]amino]-N,N,N-trimethyl-, chloride1-Propanaminium, 3-[[(heptadecafluorooctyl)sulfonyl]amino]-N,N,N-trimethyl-, chloride1-Propanaminium, 3-[[(heptadecafluorooctyl)sulfonyl]amino]-N,N,N-trimethyl-, chloride"
"70983-60-7","1-Propanaminium, 2-hydroxy-N,N,N-trimethyl-, 3-[(γ-ω-perfluoro-C6-20-alkyl)thio] derivs., chlorides1-Propanaminium, 2-hydroxy-N,N,N-trimethyl-, 3-[(γ-ω-perfluoro-C6-20-alkyl)thio] derivs., chlorides1-Propanaminium, 2-hydroxy-N,N,N-trimethyl-, 3-[(γ-ω-perfluoro-C6-20-alkyl)thio] derivs., chlorides1-Propanaminium, 2-hydroxy-N,N,N-trimethyl-, 3-[(γ-ω-perfluoro-C6-20-alkyl)thio] derivs., chlorides"
"52166-82-2","1-Propanaminium, N,N,N-trimethyl-3-[[(tridecafluorohexyl)sulfonyl]amino]-, chloride1-Propanaminium, N,N,N-trimethyl-3-[[(tridecafluorohexyl)sulfonyl]amino]-, chloride1-Propanaminium, N,N,N-trimethyl-3-[[(tridecafluorohexyl)sulfonyl]amino]-, chloride1-Propanaminium, N,N,N-trimethyl-3-[[(tridecafluorohexyl)sulfonyl]amino]-, chloride"
"67584-58-1","1-Propanaminium, N,N,N-trimethyl-3-[[(pentadecafluoroheptyl)sulfonyl]amino]-, iodide1-Propanaminium, N,N,N-trimethyl-3-[[(pentadecafluoroheptyl)sulfonyl]amino]-, iodide1-Propanaminium, N,N,N-trimethyl-3-[[(pentadecafluoroheptyl)sulfonyl]amino]-, iodide1-Propanaminium, N,N,N-trimethyl-3-[[(pentadecafluoroheptyl)sulfonyl]amino]-, iodide"
"68555-81-7","1-Propanaminium, N,N,N-trimethyl-3-[[(pentadecafluoroheptyl)sulfonyl]amino]-, chloride1-Propanaminium, N,N,N-trimethyl-3-[[(pentadecafluoroheptyl)sulfonyl]amino]-, chloride1-Propanaminium, N,N,N-trimethyl-3-[[(pentadecafluoroheptyl)sulfonyl]amino]-, chloride1-Propanaminium, N,N,N-trimethyl-3-[[(pentadecafluoroheptyl)sulfonyl]amino]-, chloride"
"68957-58-4","1-Propanaminium, N,N,N-trimethyl-3-[[(tridecafluorohexyl)sulfonyl]amino]-, iodide1-Propanaminium, N,N,N-trimethyl-3-[[(tridecafluorohexyl)sulfonyl]amino]-, iodide1-Propanaminium, N,N,N-trimethyl-3-[[(tridecafluorohexyl)sulfonyl]amino]-, iodide1-Propanaminium, N,N,N-trimethyl-3-[[(tridecafluorohexyl)sulfonyl]amino]-, iodide"
"68957-55-1","1-Propanaminium, N,N,N-trimethyl-3-[[(undecafluoropentyl)sulfonyl]amino]-, chloride1-Propanaminium, N,N,N-trimethyl-3-[[(undecafluoropentyl)sulfonyl]amino]-, chloride1-Propanaminium, N,N,N-trimethyl-3-[[(undecafluoropentyl)sulfonyl]amino]-, chloride1-Propanaminium, N,N,N-trimethyl-3-[[(undecafluoropentyl)sulfonyl]amino]-, chloride"
"68957-57-3","1-Propanaminium, N,N,N-trimethyl-3-[[(undecafluoropentyl)sulfonyl]amino]-, iodide1-Propanaminium, N,N,N-trimethyl-3-[[(undecafluoropentyl)sulfonyl]amino]-, iodide1-Propanaminium, N,N,N-trimethyl-3-[[(undecafluoropentyl)sulfonyl]amino]-, iodide1-Propanaminium, N,N,N-trimethyl-3-[[(undecafluoropentyl)sulfonyl]amino]-, iodide"
"238420-80-9","Propanedioic acid, mono(γ-ω-perfluoro-C8-12-alkyl) derivs., bis[4-(ethenyloxy)butyl] esters"
"238420-68-3","Propanedioic acid, mono(γ-ω-perfluoro-C8-12-alkyl) derivs., di-me esters"
"148240-89-5","1,3-Propanediol, 2,2-bis[[(γ-ω-perfluoro-C10-20-alkyl)thio]methyl] derivs., phosphates, ammonium salts"
"148240-85-1","1,3-Propanediol, 2,2-bis[[(γ-ω-perfluoro-C4-10-alkyl)thio]methyl] derivs., phosphates, ammonium salts"
"148240-87-3","1,3-Propanediol, 2,2-bis[[(γ-ω-perfluoro-C6-12-alkyl)thio]methyl] derivs., phosphates, ammonium salts"
"1078142-10-5","1,3-Propanediol, 2,2-bis[[(γ-ω-perfluoro-C6-12-alkyl)thio]methyl] derivs., polymers with 2,2-bis[[(γ-ω-perfluoro-C10-20-alkyl)thio]methyl]-1,3-propanediol, 1,6-diisocyanato-2,2,4(or 2,4,4)-trimethylhexane, 2-heptyl-3,4-bis(9-isocyanatononyl)-1-pentylcyclohexane and 2,2'-(methylimino)bis[ethanol]"
"68187-47-3","1-Propanesulfonic acid, 2-methyl-, 2-[[1-oxo-3-[(γ-ω-perfluoro-C4-16-alkyl)thio]propyl]amino] derivs., sodium salts"
"68227-96-3","2-Propenoic acid, butyl ester, telomer with 2-[[(heptadecafluorooctyl)sulfonyl]methylamino]ethyl 2-propenoate, 2-[methyl[(nonafluorobutyl)sulfonyl]amino]ethyl 2-propenoate, α-(2- methyl-1-oxo-2-propenyl)-ω-hydroxypoly(oxy-1,4-butanediyl), α-(2- methyl-1-oxo-2-propenyl)-ω-[(2-methyl-1-oxo-2- propenyl)oxy]poly(oxy-1,4-butanediyl), 2-[methyl [(pentadecafluoroheptyl)sulfonyl]amino]ethyl 2-propenoate, 2-[methyl[(tridecafluorohexyl)sulfonyl]amino]ethyl 2-propenoate, 2-[methyl[(undecafluoropentyl)sulfonyl]amino]ethyl 2-propenoate and 1-octanethiol"
"68298-62-4","2-Propenoic acid, 2-[butyl[(heptadecafluorooctyl)sulfonyl]amino]ethyl ester, telomer with 2-[butyl[(pentadecafluoroheptyl)sulfonyl]amino]ethyl 2-propenoate, methyloxirane polymer with oxirane di-2-propenoate,
methyloxirane polymer with oxirane mono-2-propenoate and 1-octanethiol2-Propenoic acid, 2-[butyl[(heptadecafluorooctyl)sulfonyl]amino]ethyl ester, telomer with 2-[butyl[(pentadecafluoroheptyl)sulfonyl]amino]ethyl 2-propenoate, methyloxirane polymer with oxirane di-2-propenoate,
methyloxirane polymer with oxirane mono-2-propenoate and 1-octanethiol2-Propenoic acid, 2-[butyl[(heptadecafluorooctyl)sulfonyl]amino]ethyl ester, telomer with 2-[butyl[(pentadecafluoroheptyl)sulfonyl]amino]ethyl 2-propenoate, methyloxirane polymer with oxirane di-2-propenoate,
methyloxirane polymer with oxirane mono-2-propenoate and 1-octanethiol"
"65605-58-5","2-Propenoic acid, esters, 2-methyl-, dodecyl ester, polymer with α-fluoro-ω-[2-[(2-methyl-1-oxo-2-propen-1-yl)oxy]ethyl]poly(difluoromethylene)"
"59071-10-2","2-Propenoic acid, 2-[ethyl[(pentadecafluoroheptyl)sulfonyl]amino]ethyl ester"
"68867-60-7","2-Propenoic acid, 2-[[(heptadecafluorooctyl)sulfonyl]methylamino]ethyl ester, polymer with 2-[methyl [(nonafluorobutyl)sulfonyl]amino]ethyl 2- propenoate, 2-[methyl[(pentadecafluoroheptyl)sulfonyl]amino]ethyl 2-
propenoate, 2-[methyl[(tridecafluorohexyl)sulfonyl]amino]ethyl 2-
propenoate, 2-[methyl[(undecafluoropentyl)sulfonyl]amino]ethyl 2-propenoate and α-(1-oxo-2-propenyl)-ω-methoxypoly(oxy-1,2-ethanediyl)2-Propenoic acid, 2-[[(heptadecafluorooctyl)sulfonyl]methylamino]ethyl ester, polymer with 2-[methyl [(nonafluorobutyl)sulfonyl]amino]ethyl 2- propenoate, 2-[methyl[(pentadecafluoroheptyl)sulfonyl]amino]ethyl 2-
propenoate, 2-[methyl[(tridecafluorohexyl)sulfonyl]amino]ethyl 2-
propenoate, 2-[methyl[(undecafluoropentyl)sulfonyl]amino]ethyl 2-propenoate and α-(1-oxo-2-propenyl)-ω-methoxypoly(oxy-1,2-ethanediyl)2-Propenoic acid, 2-[[(heptadecafluorooctyl)sulfonyl]methylamino]ethyl ester, polymer with 2-[methyl [(nonafluorobutyl)sulfonyl]amino]ethyl 2- propenoate, 2-[methyl[(pentadecafluoroheptyl)sulfonyl]amino]ethyl 2-
propenoate, 2-[methyl[(tridecafluorohexyl)sulfonyl]amino]ethyl 2-
propenoate, 2-[methyl[(undecafluoropentyl)sulfonyl]amino]ethyl 2-propenoate and α-(1-oxo-2-propenyl)-ω-methoxypoly(oxy-1,2-ethanediyl)"
"150135-57-2","2-Propenoic acid, 2-methyl-, 2-(dimethylamino)ethyl ester, polymers with Bu acrylate, γ-ω-perfluoro-C8-14-alkyl acrylate and polyethylene glycol monomethacrylate, 2,2'-azobis[2,4-dimethylpentanenitrile]-initiated"
"196316-34-4","2-Propenoic acid, 2-methyl-, 2-(dimethylamino)ethyl ester, polymers with γ-ω-perfluoro-C10-16-alkyl acrylate and vinyl acetate, acetates"
"65605-59-6","2-Propenoic acid, 2-methyl-, dodecyl ester, polymer with α-fluoro-ω-[2-[(2-methyl-1-oxo-2-propen-1-yl)oxy]ethyl]poly(difluoromethylene) and N-(hydroxymethyl)-2-propenamide2-Propenoic acid, 2-methyl-, dodecyl ester, polymer with α-fluoro-ω-[2-[(2-methyl-1-oxo-2-propen-1-yl)oxy]ethyl]poly(difluoromethylene) and N-(hydroxymethyl)-2-propenamide2-Propenoic acid, 2-methyl-, dodecyl ester, polymer with α-fluoro-ω-[2-[(2-methyl-1-oxo-2-propen-1-yl)oxy]ethyl]poly(difluoromethylene) and N-(hydroxymethyl)-2-propenamide"
"68239-43-0","2-Propenoic acid, 2-methyl-, 2-ethylhexyl ester, polymer with α-fluoro-ω-[2-[(2-methyl-1-oxo-2-propen-1-yl)oxy]ethyl]poly(difluoromethylene), 2-hydroxyethyl 2-methyl-2-propenoate and N-(hydroxymethyl)-2-propenamide2-Propenoic acid, 2-methyl-, 2-ethylhexyl ester, polymer with α-fluoro-ω-[2-[(2-methyl-1-oxo-2-propen-1-yl)oxy]ethyl]poly(difluoromethylene), 2-hydroxyethyl 2-methyl-2-propenoate and N-(hydroxymethyl)-2-propenamide2-Propenoic acid, 2-methyl-, 2-ethylhexyl ester, polymer with α-fluoro-ω-[2-[(2-methyl-1-oxo-2-propen-1-yl)oxy]ethyl]poly(difluoromethylene), 2-hydroxyethyl 2-methyl-2-propenoate and N-(hydroxymethyl)-2-propenamide"
"68555-91-9","2-Propenoic acid, 2-methyl-, 2-[ethyl[(heptadecafluorooctyl)sulfonyl]amino]ethyl ester, polymer with 2-[ethyl[(nonafluorobutyl)sulfonyl]amino]ethyl 2-methyl-2-propenoate, 2-[ethyl[(pentadecafluoroheptyl)sulfonyl]amino]ethyl 2-methyl-2-propenoate, 2-[ethyl[(tridecafluorohexyl)sulfonyl]amino]ethyl 2-methyl-
2-propenoate, 2-[ethyl[(undecafluoropentyl)sulfonyl]amino]ethyl 2-methyl-2-propenoate and octadecyl 2-methyl-2-propenoate2-Propenoic acid, 2-methyl-, 2-[ethyl[(heptadecafluorooctyl)sulfonyl]amino]ethyl ester, polymer with 2-[ethyl[(nonafluorobutyl)sulfonyl]amino]ethyl 2-methyl-2-propenoate, 2-[ethyl[(pentadecafluoroheptyl)sulfonyl]amino]ethyl 2-methyl-2-propenoate, 2-[ethyl[(tridecafluorohexyl)sulfonyl]amino]ethyl 2-methyl-
2-propenoate, 2-[ethyl[(undecafluoropentyl)sulfonyl]amino]ethyl 2-methyl-2-propenoate and octadecyl 2-methyl-2-propenoate2-Propenoic acid, 2-methyl-, 2-[ethyl[(heptadecafluorooctyl)sulfonyl]amino]ethyl ester, polymer with 2-[ethyl[(nonafluorobutyl)sulfonyl]amino]ethyl 2-methyl-2-propenoate, 2-[ethyl[(pentadecafluoroheptyl)sulfonyl]amino]ethyl 2-methyl-2-propenoate, 2-[ethyl[(tridecafluorohexyl)sulfonyl]amino]ethyl 2-methyl-
2-propenoate, 2-[ethyl[(undecafluoropentyl)sulfonyl]amino]ethyl 2-methyl-2-propenoate and octadecyl 2-methyl-2-propenoate"
"2144-54-9","2-Propenoic acid, 2-methyl-, 3,3,4,4,5,5,6,6,7,7,8,8,9,9,10,10,11,11,12,12,12-heneicosafluorododecyl ester"
"1996-88-9","2-Propenoic acid, 2-methyl-, 3,3,4,4,5,5,6,6,7,7,8,8,9,9,10,10,10-heptadecafluorodecyl ester"
"4980-53-4","2-Propenoic acid, 2-methyl-, 3,3,4,4,5,5,6,6,7,7,8,8,9,9,10,10,11,11,12,12,13,13,14,14,15,15,16,16,16-
nonacosafluorohexadecyl ester2-Propenoic acid, 2-methyl-, 3,3,4,4,5,5,6,6,7,7,8,8,9,9,10,10,11,11,12,12,13,13,14,14,15,15,16,16,16-
nonacosafluorohexadecyl ester"
"142636-88-2","2-Propenoic acid, 2-methyl-, octadecyl ester, polymer with 3,3,4,4,5,5,6,6,7,7,8,8,9,9,10,10,11,11,12,12,12-heneicosafluorododecyl 2-propenoate, 3,3,4,4,5,5,6,6,7,7,8,8,9,9,10,10,10-heptadecafluorodecyl 2-propenoate and 3,3,4,4,5,5,6,6,7,7,8,8,9,9,10,10,11,11,12,12,13,13,14,14,14-pentacosafluorotetradecyl 2-propenoate"
"68084-62-8","2-Propenoic acid, 2-[methyl[(pentadecafluoroheptyl)sulfonyl]amino]ethyl ester"
"6014-75-1","2-Propenoic acid, 2-methyl-, 3,3,4,4,5,5,6,6,7,7,8,8,9,9,10,10,11,11,12,12,13,13,14,14,14-pentacosafluorotetradecyl ester"
"200513-42-4","2-Propenoic acid, 2-methyl-, polymer with butyl 2-methyl-2-propenoate, 3,3,4,4,5,5,6,6,7,7,8,8,9,9,10,10,10-heptadecafluorodecyl 2-propenoate, 2-hydroxyethyl 2-methyl-2-propenoate and methyl 2-methyl-2-propenoate"
"67584-57-0","2-Propenoic acid, 2-[methyl[(tridecafluorohexyl)sulfonyl]amino]ethyl ester"
"67584-56-9","2-Propenoic acid, 2-[methyl[(undecafluoropentyl)sulfonyl]amino]ethyl ester"
"61798-68-3","Pyridinium, 1-(3,3,4,4,5,5,6,6,7,7,8,8,9,9,10,10,10-heptadecafluorodecyl)-, salt with 4-methylbenzenesulfonic acid (1:1)"
"83048-65-1","Silane, (3,3,4,4,5,5,6,6,7,7,8,8,9,9,10,10,10-heptadecafluorodecyl)trimethoxy-"
"78560-44-8","Silane, trichloro(3,3,4,4,5,5,6,6,7,7,8,8,9,9,10,10,10-heptadecafluorodecyl)-"
"125476-71-3","Silicic acid (H4SiO4), disodium salt, reaction products with chlorotrimethylsilane and 3,3,4,4,5,5,6,6,7,7,8,8,9,9,10,10,10-
heptadecafluoro-1-decanolSilicic acid (H4SiO4), disodium salt, reaction products with chlorotrimethylsilane and 3,3,4,4,5,5,6,6,7,7,8,8,9,9,10,10,10-
heptadecafluoro-1-decanol"
"143372-54-7","Siloxanes and Silicones, (3,3,4,4,5,5,6,6,7,7,8,8,9,9,10,10,10-heptadecafluorodecyl)oxy Me, hydroxy Me, Me octyl, ethers with polyethylene glycol mono-Me ether"
"335-95-5","Sodium perfluorooctanoate"
"4151-50-2","Sulfluramid"
"180582-79-0","Sulfonic acids, C6-12-alkane, γ-ω-perfluoro, ammonium salts"
"30046-31-2","Tetradecane, 1,1,1,2,2,3,3,4,4,5,5,6,6,7,7,8,8,9,9,10,10,11,11,12,12-pentacosafluoro-14-iodo-"
"68758-57-6","1-Tetradecanesulfonyl chloride, 3,3,4,4,5,5,6,6,7,7,8,8,9,9,10,10,11,11,12,12,13,13,14,14,14-pentacosafluoro-"
"39239-77-5","1-Tetradecanol, 3,3,4,4,5,5,6,6,7,7,8,8,9,9,10,10,11,11,12,12,13,13,14,14,14-pentacosafluoro-"
"27905-45-9","1,1,2,2-Tetrahydroperfluorodecyl acrylate"
"17741-60-5","1,1,2,2-Tetrahydroperfluorododecyl acrylate"
"34362-49-7","1,1,2,2-Tetrahydroperfluorohexadecyl acrylate"
"34395-24-9","1,1,2,2-Tetrahydroperfluorotetradecyl acrylate"
"97553-95-2","Thiocyanic acid, γ-ω-perfluoro-C4-20-alkyl esters"
"68140-18-1","Thiols, C4-10, γ-ω-perfluoro"
"1078712-88-5","Thiols, C4-20, γ-ω-perfluoro, telomers with acrylamide and acrylic acid, sodium salts"
"68140-20-5","Thiols, C6-12, γ-ω-perfluoro"
"70969-47-0","Thiols, C8-20, γ-ω-perfluoro, telomers with acrylamide"
"68140-21-6","Thiols, C10-20, γ-ω-perfluoro"
